Date,Social_Trend_Score
2018-01-01,0.31
2018-01-02,0.3103225806451613
2018-01-03,0.3106451612903226
2018-01-04,0.3109677419354839
2018-01-05,0.31129032258064515
2018-01-06,0.3116129032258064
2018-01-07,0.31193548387096776
2018-01-08,0.31225806451612903
2018-01-09,0.3125806451612903
2018-01-10,0.3129032258064516
2018-01-11,0.3132258064516129
2018-01-12,0.3135483870967742
2018-01-13,0.31387096774193546
2018-01-14,0.3141935483870968
2018-01-15,0.31451612903225806
2018-01-16,0.31483870967741934
2018-01-17,0.31516129032258067
2018-01-18,0.31548387096774194
2018-01-19,0.3158064516129032
2018-01-20,0.31612903225806455
2018-01-21,0.3164516129032258
2018-01-22,0.3167741935483871
2018-01-23,0.3170967741935484
2018-01-24,0.3174193548387097
2018-01-25,0.317741935483871
2018-01-26,0.31806451612903225
2018-01-27,0.3183870967741936
2018-01-28,0.31870967741935485
2018-01-29,0.3190322580645161
2018-01-30,0.3193548387096774
2018-01-31,0.31967741935483873
2018-02-01,0.32
2018-02-02,0.31857142857142856
2018-02-03,0.31714285714285717
2018-02-04,0.3157142857142857
2018-02-05,0.3142857142857143
2018-02-06,0.31285714285714283
2018-02-07,0.31142857142857144
2018-02-08,0.31
2018-02-09,0.30857142857142855
2018-02-10,0.30714285714285716
2018-02-11,0.3057142857142857
2018-02-12,0.30428571428571427
2018-02-13,0.3028571428571428
2018-02-14,0.30142857142857143
2018-02-15,0.3
2018-02-16,0.2985714285714286
2018-02-17,0.29714285714285715
2018-02-18,0.2957142857142857
2018-02-19,0.2942857142857143
2018-02-20,0.29285714285714287
2018-02-21,0.2914285714285714
2018-02-22,0.29
2018-02-23,0.2885714285714286
2018-02-24,0.28714285714285714
2018-02-25,0.28571428571428575
2018-02-26,0.2842857142857143
2018-02-27,0.28285714285714286
2018-02-28,0.2814285714285714
2018-03-01,0.28
2018-03-02,0.2812903225806452
2018-03-03,0.28258064516129033
2018-03-04,0.2838709677419355
2018-03-05,0.28516129032258064
2018-03-06,0.2864516129032258
2018-03-07,0.28774193548387095
2018-03-08,0.2890322580645161
2018-03-09,0.29032258064516125
2018-03-10,0.29161290322580646
2018-03-11,0.2929032258064516
2018-03-12,0.29419354838709677
2018-03-13,0.2954838709677419
2018-03-14,0.2967741935483871
2018-03-15,0.29806451612903223
2018-03-16,0.29935483870967744
2018-03-17,0.30064516129032254
2018-03-18,0.30193548387096775
2018-03-19,0.3032258064516129
2018-03-20,0.30451612903225805
2018-03-21,0.30580645161290326
2018-03-22,0.3070967741935484
2018-03-23,0.30838709677419357
2018-03-24,0.3096774193548387
2018-03-25,0.3109677419354839
2018-03-26,0.31225806451612903
2018-03-27,0.3135483870967742
2018-03-28,0.31483870967741934
2018-03-29,0.31612903225806455
2018-03-30,0.3174193548387097
2018-03-31,0.31870967741935485
2018-04-01,0.32
2018-04-02,0.31766666666666665
2018-04-03,0.31533333333333335
2018-04-04,0.313
2018-04-05,0.31066666666666665
2018-04-06,0.30833333333333335
2018-04-07,0.306
2018-04-08,0.3036666666666667
2018-04-09,0.30133333333333334
2018-04-10,0.299
2018-04-11,0.2966666666666667
2018-04-12,0.29433333333333334
2018-04-13,0.292
2018-04-14,0.2896666666666667
2018-04-15,0.28733333333333333
2018-04-16,0.285
2018-04-17,0.2826666666666667
2018-04-18,0.2803333333333333
2018-04-19,0.278
2018-04-20,0.27566666666666667
2018-04-21,0.2733333333333333
2018-04-22,0.271
2018-04-23,0.26866666666666666
2018-04-24,0.2663333333333333
2018-04-25,0.264
2018-04-26,0.26166666666666666
2018-04-27,0.25933333333333336
2018-04-28,0.257
2018-04-29,0.2546666666666667
2018-04-30,0.25233333333333335
2018-05-01,0.25
2018-05-02,0.2506451612903226
2018-05-03,0.25129032258064515
2018-05-04,0.25193548387096776
2018-05-05,0.2525806451612903
2018-05-06,0.2532258064516129
2018-05-07,0.25387096774193546
2018-05-08,0.25451612903225806
2018-05-09,0.2551612903225806
2018-05-10,0.2558064516129032
2018-05-11,0.2564516129032258
2018-05-12,0.25709677419354837
2018-05-13,0.257741935483871
2018-05-14,0.2583870967741936
2018-05-15,0.25903225806451613
2018-05-16,0.25967741935483873
2018-05-17,0.2603225806451613
2018-05-18,0.2609677419354839
2018-05-19,0.26161290322580644
2018-05-20,0.26225806451612904
2018-05-21,0.2629032258064516
2018-05-22,0.2635483870967742
2018-05-23,0.26419354838709674
2018-05-24,0.26483870967741935
2018-05-25,0.2654838709677419
2018-05-26,0.2661290322580645
2018-05-27,0.2667741935483871
2018-05-28,0.26741935483870966
2018-05-29,0.26806451612903226
2018-05-30,0.26870967741935486
2018-05-31,0.2693548387096774
2018-06-01,0.27
2018-06-02,0.272
2018-06-03,0.27399999999999997
2018-06-04,0.276
2018-06-05,0.278
2018-06-06,0.28
2018-06-07,0.282
2018-06-08,0.284
2018-06-09,0.28600000000000003
2018-06-10,0.28800000000000003
2018-06-11,0.29
2018-06-12,0.292
2018-06-13,0.294
2018-06-14,0.29600000000000004
2018-06-15,0.298
2018-06-16,0.3
2018-06-17,0.302
2018-06-18,0.304
2018-06-19,0.306
2018-06-20,0.308
2018-06-21,0.31
2018-06-22,0.312
2018-06-23,0.314
2018-06-24,0.316
2018-06-25,0.318
2018-06-26,0.32
2018-06-27,0.322
2018-06-28,0.324
2018-06-29,0.326
2018-06-30,0.32799999999999996
2018-07-01,0.33
2018-07-02,0.32741935483870965
2018-07-03,0.32483870967741935
2018-07-04,0.32225806451612904
2018-07-05,0.31967741935483873
2018-07-06,0.3170967741935484
2018-07-07,0.31451612903225806
2018-07-08,0.31193548387096776
2018-07-09,0.30935483870967745
2018-07-10,0.30677419354838714
2018-07-11,0.3041935483870968
2018-07-12,0.3016129032258064
2018-07-13,0.2990322580645161
2018-07-14,0.2964516129032258
2018-07-15,0.2938709677419355
2018-07-16,0.29129032258064513
2018-07-17,0.2887096774193548
2018-07-18,0.2861290322580645
2018-07-19,0.2835483870967742
2018-07-20,0.2809677419354839
2018-07-21,0.27838709677419354
2018-07-22,0.27580645161290324
2018-07-23,0.2732258064516129
2018-07-24,0.27064516129032257
2018-07-25,0.26806451612903226
2018-07-26,0.2654838709677419
2018-07-27,0.2629032258064516
2018-07-28,0.2603225806451613
2018-07-29,0.257741935483871
2018-07-30,0.2551612903225806
2018-07-31,0.2525806451612903
2018-08-01,0.25
2018-08-02,0.24870967741935485
2018-08-03,0.2474193548387097
2018-08-04,0.2461290322580645
2018-08-05,0.24483870967741936
2018-08-06,0.2435483870967742
2018-08-07,0.24225806451612905
2018-08-08,0.24096774193548387
2018-08-09,0.23967741935483872
2018-08-10,0.23838709677419356
2018-08-11,0.2370967741935484
2018-08-12,0.23580645161290323
2018-08-13,0.23451612903225807
2018-08-14,0.23322580645161292
2018-08-15,0.23193548387096777
2018-08-16,0.23064516129032256
2018-08-17,0.22935483870967743
2018-08-18,0.22806451612903225
2018-08-19,0.22677419354838713
2018-08-20,0.22548387096774192
2018-08-21,0.22419354838709676
2018-08-22,0.2229032258064516
2018-08-23,0.22161290322580643
2018-08-24,0.22032258064516128
2018-08-25,0.21903225806451612
2018-08-26,0.21774193548387097
2018-08-27,0.2164516129032258
2018-08-28,0.21516129032258063
2018-08-29,0.21387096774193548
2018-08-30,0.21258064516129033
2018-08-31,0.21129032258064517
2018-09-01,0.21
2018-09-02,0.21366666666666667
2018-09-03,0.21733333333333335
2018-09-04,0.221
2018-09-05,0.22466666666666665
2018-09-06,0.22833333333333333
2018-09-07,0.23199999999999998
2018-09-08,0.23566666666666666
2018-09-09,0.23933333333333334
2018-09-10,0.243
2018-09-11,0.24666666666666667
2018-09-12,0.2503333333333333
2018-09-13,0.254
2018-09-14,0.25766666666666665
2018-09-15,0.2613333333333333
2018-09-16,0.265
2018-09-17,0.26866666666666666
2018-09-18,0.2723333333333333
2018-09-19,0.276
2018-09-20,0.2796666666666667
2018-09-21,0.2833333333333333
2018-09-22,0.287
2018-09-23,0.2906666666666667
2018-09-24,0.29433333333333334
2018-09-25,0.298
2018-09-26,0.30166666666666664
2018-09-27,0.3053333333333333
2018-09-28,0.309
2018-09-29,0.31266666666666665
2018-09-30,0.31633333333333336
2018-10-01,0.32
2018-10-02,0.317741935483871
2018-10-03,0.31548387096774194
2018-10-04,0.3132258064516129
2018-10-05,0.3109677419354839
2018-10-06,0.30870967741935484
2018-10-07,0.3064516129032258
2018-10-08,0.3041935483870968
2018-10-09,0.30193548387096775
2018-10-10,0.2996774193548387
2018-10-11,0.2974193548387097
2018-10-12,0.29516129032258065
2018-10-13,0.2929032258064516
2018-10-14,0.2906451612903226
2018-10-15,0.28838709677419355
2018-10-16,0.2861290322580645
2018-10-17,0.2838709677419355
2018-10-18,0.28161290322580645
2018-10-19,0.2793548387096774
2018-10-20,0.2770967741935484
2018-10-21,0.27483870967741936
2018-10-22,0.2725806451612903
2018-10-23,0.2703225806451613
2018-10-24,0.26806451612903226
2018-10-25,0.2658064516129032
2018-10-26,0.2635483870967742
2018-10-27,0.26129032258064516
2018-10-28,0.25903225806451613
2018-10-29,0.2567741935483871
2018-10-30,0.25451612903225806
2018-10-31,0.25225806451612903
2018-11-01,0.25
2018-11-02,0.2516666666666667
2018-11-03,0.2533333333333333
2018-11-04,0.255
2018-11-05,0.25666666666666665
2018-11-06,0.2583333333333333
2018-11-07,0.26
2018-11-08,0.26166666666666666
2018-11-09,0.2633333333333333
2018-11-10,0.265
2018-11-11,0.26666666666666666
2018-11-12,0.2683333333333333
2018-11-13,0.27
2018-11-14,0.27166666666666667
2018-11-15,0.2733333333333333
2018-11-16,0.275
2018-11-17,0.27666666666666667
2018-11-18,0.2783333333333333
2018-11-19,0.28
2018-11-20,0.2816666666666667
2018-11-21,0.2833333333333333
2018-11-22,0.285
2018-11-23,0.2866666666666667
2018-11-24,0.28833333333333333
2018-11-25,0.29
2018-11-26,0.29166666666666663
2018-11-27,0.29333333333333333
2018-11-28,0.295
2018-11-29,0.29666666666666663
2018-11-30,0.29833333333333334
2018-12-01,0.3
2018-12-02,0.3
2018-12-03,0.3
2018-12-04,0.3
2018-12-05,0.3
2018-12-06,0.3
2018-12-07,0.3
2018-12-08,0.3
2018-12-09,0.3
2018-12-10,0.3
2018-12-11,0.3
2018-12-12,0.3
2018-12-13,0.3
2018-12-14,0.3
2018-12-15,0.3
2018-12-16,0.3
2018-12-17,0.3
2018-12-18,0.3
2018-12-19,0.3
2018-12-20,0.3
2018-12-21,0.3
2018-12-22,0.3
2018-12-23,0.3
2018-12-24,0.3
2018-12-25,0.3
2018-12-26,0.3
2018-12-27,0.3
2018-12-28,0.3
2018-12-29,0.3
2018-12-30,0.3
2018-12-31,0.3
2019-01-01,0.3
2019-01-02,0.29806451612903223
2019-01-03,0.29612903225806453
2019-01-04,0.29419354838709677
2019-01-05,0.292258064516129
2019-01-06,0.29032258064516125
2019-01-07,0.28838709677419355
2019-01-08,0.2864516129032258
2019-01-09,0.2845161290322581
2019-01-10,0.28258064516129033
2019-01-11,0.2806451612903226
2019-01-12,0.2787096774193548
2019-01-13,0.2767741935483871
2019-01-14,0.27483870967741936
2019-01-15,0.2729032258064516
2019-01-16,0.2709677419354839
2019-01-17,0.26903225806451614
2019-01-18,0.2670967741935484
2019-01-19,0.2651612903225806
2019-01-20,0.2632258064516129
2019-01-21,0.26129032258064516
2019-01-22,0.25935483870967746
2019-01-23,0.2574193548387097
2019-01-24,0.25548387096774194
2019-01-25,0.2535483870967742
2019-01-26,0.25161290322580643
2019-01-27,0.24967741935483873
2019-01-28,0.24774193548387097
2019-01-29,0.24580645161290324
2019-01-30,0.24387096774193548
2019-01-31,0.24193548387096775
2019-02-01,0.24
2019-02-02,0.24035714285714285
2019-02-03,0.24071428571428574
2019-02-04,0.24107142857142858
2019-02-05,0.24142857142857144
2019-02-06,0.24178571428571427
2019-02-07,0.24214285714285716
2019-02-08,0.2425
2019-02-09,0.24285714285714285
2019-02-10,0.24321428571428572
2019-02-11,0.24357142857142858
2019-02-12,0.2439285714285714
2019-02-13,0.24428571428571427
2019-02-14,0.24464285714285716
2019-02-15,0.245
2019-02-16,0.24535714285714286
2019-02-17,0.24571428571428572
2019-02-18,0.24607142857142858
2019-02-19,0.2464285714285714
2019-02-20,0.24678571428571427
2019-02-21,0.24714285714285716
2019-02-22,0.2475
2019-02-23,0.24785714285714286
2019-02-24,0.24821428571428572
2019-02-25,0.24857142857142858
2019-02-26,0.24892857142857142
2019-02-27,0.24928571428571428
2019-02-28,0.24964285714285717
2019-03-01,0.25
2019-03-02,0.2529032258064516
2019-03-03,0.2558064516129032
2019-03-04,0.25870967741935486
2019-03-05,0.26161290322580644
2019-03-06,0.2645161290322581
2019-03-07,0.26741935483870966
2019-03-08,0.2703225806451613
2019-03-09,0.27322580645161293
2019-03-10,0.2761290322580645
2019-03-11,0.27903225806451615
2019-03-12,0.2819354838709678
2019-03-13,0.28483870967741937
2019-03-14,0.28774193548387095
2019-03-15,0.2906451612903226
2019-03-16,0.2935483870967742
2019-03-17,0.2964516129032258
2019-03-18,0.29935483870967744
2019-03-19,0.302258064516129
2019-03-20,0.30516129032258066
2019-03-21,0.30806451612903224
2019-03-22,0.3109677419354839
2019-03-23,0.31387096774193546
2019-03-24,0.3167741935483871
2019-03-25,0.31967741935483873
2019-03-26,0.3225806451612903
2019-03-27,0.3254838709677419
2019-03-28,0.32838709677419353
2019-03-29,0.3312903225806451
2019-03-30,0.3341935483870968
2019-03-31,0.3370967741935484
2019-04-01,0.34
2019-04-02,0.33666666666666667
2019-04-03,0.33333333333333337
2019-04-04,0.33
2019-04-05,0.32666666666666666
2019-04-06,0.32333333333333336
2019-04-07,0.32
2019-04-08,0.31666666666666665
2019-04-09,0.3133333333333333
2019-04-10,0.31
2019-04-11,0.3066666666666667
2019-04-12,0.30333333333333334
2019-04-13,0.3
2019-04-14,0.2966666666666667
2019-04-15,0.29333333333333333
2019-04-16,0.29
2019-04-17,0.2866666666666667
2019-04-18,0.2833333333333334
2019-04-19,0.28
2019-04-20,0.27666666666666667
2019-04-21,0.2733333333333334
2019-04-22,0.27
2019-04-23,0.26666666666666666
2019-04-24,0.26333333333333336
2019-04-25,0.26
2019-04-26,0.25666666666666665
2019-04-27,0.25333333333333335
2019-04-28,0.25
2019-04-29,0.24666666666666667
2019-04-30,0.24333333333333335
2019-05-01,0.24
2019-05-02,0.23935483870967741
2019-05-03,0.23870967741935484
2019-05-04,0.23806451612903223
2019-05-05,0.23741935483870968
2019-05-06,0.23677419354838708
2019-05-07,0.23612903225806453
2019-05-08,0.23548387096774193
2019-05-09,0.23483870967741935
2019-05-10,0.23419354838709677
2019-05-11,0.2335483870967742
2019-05-12,0.2329032258064516
2019-05-13,0.23225806451612904
2019-05-14,0.23161290322580644
2019-05-15,0.2309677419354839
2019-05-16,0.23032258064516128
2019-05-17,0.2296774193548387
2019-05-18,0.22903225806451613
2019-05-19,0.22838709677419355
2019-05-20,0.22774193548387095
2019-05-21,0.2270967741935484
2019-05-22,0.2264516129032258
2019-05-23,0.22580645161290325
2019-05-24,0.22516129032258064
2019-05-25,0.22451612903225807
2019-05-26,0.2238709677419355
2019-05-27,0.2232258064516129
2019-05-28,0.2225806451612903
2019-05-29,0.22193548387096776
2019-05-30,0.22129032258064515
2019-05-31,0.22064516129032255
2019-06-01,0.22
2019-06-02,0.22166666666666668
2019-06-03,0.22333333333333333
2019-06-04,0.225
2019-06-05,0.22666666666666668
2019-06-06,0.22833333333333333
2019-06-07,0.23
2019-06-08,0.2316666666666667
2019-06-09,0.2333333333333333
2019-06-10,0.235
2019-06-11,0.2366666666666667
2019-06-12,0.2383333333333333
2019-06-13,0.24
2019-06-14,0.24166666666666667
2019-06-15,0.24333333333333332
2019-06-16,0.245
2019-06-17,0.24666666666666667
2019-06-18,0.24833333333333332
2019-06-19,0.25
2019-06-20,0.2516666666666667
2019-06-21,0.2533333333333333
2019-06-22,0.255
2019-06-23,0.25666666666666665
2019-06-24,0.2583333333333333
2019-06-25,0.26
2019-06-26,0.26166666666666666
2019-06-27,0.2633333333333333
2019-06-28,0.265
2019-06-29,0.26666666666666666
2019-06-30,0.2683333333333333
2019-07-01,0.27
2019-07-02,0.2693548387096774
2019-07-03,0.26870967741935486
2019-07-04,0.26806451612903226
2019-07-05,0.26741935483870966
2019-07-06,0.2667741935483871
2019-07-07,0.2661290322580645
2019-07-08,0.2654838709677419
2019-07-09,0.26483870967741935
2019-07-10,0.26419354838709674
2019-07-11,0.2635483870967742
2019-07-12,0.2629032258064516
2019-07-13,0.26225806451612904
2019-07-14,0.26161290322580644
2019-07-15,0.2609677419354839
2019-07-16,0.2603225806451613
2019-07-17,0.25967741935483873
2019-07-18,0.25903225806451613
2019-07-19,0.2583870967741936
2019-07-20,0.257741935483871
2019-07-21,0.25709677419354837
2019-07-22,0.2564516129032258
2019-07-23,0.2558064516129032
2019-07-24,0.2551612903225806
2019-07-25,0.25451612903225806
2019-07-26,0.25387096774193546
2019-07-27,0.2532258064516129
2019-07-28,0.2525806451612903
2019-07-29,0.25193548387096776
2019-07-30,0.25129032258064515
2019-07-31,0.25064516129032255
2019-08-01,0.25
2019-08-02,0.2493548387096774
2019-08-03,0.24870967741935485
2019-08-04,0.24806451612903224
2019-08-05,0.2474193548387097
2019-08-06,0.2467741935483871
2019-08-07,0.2461290322580645
2019-08-08,0.24548387096774194
2019-08-09,0.24483870967741936
2019-08-10,0.24419354838709675
2019-08-11,0.2435483870967742
2019-08-12,0.2429032258064516
2019-08-13,0.24225806451612905
2019-08-14,0.24161290322580645
2019-08-15,0.24096774193548387
2019-08-16,0.2403225806451613
2019-08-17,0.23967741935483872
2019-08-18,0.2390322580645161
2019-08-19,0.23838709677419356
2019-08-20,0.23774193548387096
2019-08-21,0.2370967741935484
2019-08-22,0.2364516129032258
2019-08-23,0.23580645161290323
2019-08-24,0.23516129032258065
2019-08-25,0.23451612903225807
2019-08-26,0.23387096774193547
2019-08-27,0.23322580645161292
2019-08-28,0.23258064516129032
2019-08-29,0.23193548387096777
2019-08-30,0.23129032258064516
2019-08-31,0.23064516129032256
2019-09-01,0.23
2019-09-02,0.23266666666666666
2019-09-03,0.23533333333333334
2019-09-04,0.23800000000000002
2019-09-05,0.24066666666666667
2019-09-06,0.24333333333333332
2019-09-07,0.24600000000000002
2019-09-08,0.24866666666666667
2019-09-09,0.25133333333333335
2019-09-10,0.254
2019-09-11,0.25666666666666665
2019-09-12,0.25933333333333336
2019-09-13,0.262
2019-09-14,0.26466666666666666
2019-09-15,0.26733333333333337
2019-09-16,0.27
2019-09-17,0.27266666666666667
2019-09-18,0.2753333333333333
2019-09-19,0.278
2019-09-20,0.2806666666666667
2019-09-21,0.2833333333333333
2019-09-22,0.28600000000000003
2019-09-23,0.2886666666666667
2019-09-24,0.29133333333333333
2019-09-25,0.294
2019-09-26,0.2966666666666667
2019-09-27,0.29933333333333334
2019-09-28,0.302
2019-09-29,0.3046666666666667
2019-09-30,0.30733333333333335
2019-10-01,0.31
2019-10-02,0.30806451612903224
2019-10-03,0.30612903225806454
2019-10-04,0.3041935483870968
2019-10-05,0.302258064516129
2019-10-06,0.30032258064516126
2019-10-07,0.29838709677419356
2019-10-08,0.2964516129032258
2019-10-09,0.2945161290322581
2019-10-10,0.29258064516129034
2019-10-11,0.2906451612903226
2019-10-12,0.2887096774193548
2019-10-13,0.2867741935483871
2019-10-14,0.28483870967741937
2019-10-15,0.2829032258064516
2019-10-16,0.2809677419354839
2019-10-17,0.27903225806451615
2019-10-18,0.2770967741935484
2019-10-19,0.27516129032258063
2019-10-20,0.27322580645161293
2019-10-21,0.27129032258064517
2019-10-22,0.2693548387096774
2019-10-23,0.26741935483870966
2019-10-24,0.2654838709677419
2019-10-25,0.2635483870967742
2019-10-26,0.26161290322580644
2019-10-27,0.25967741935483873
2019-10-28,0.257741935483871
2019-10-29,0.2558064516129032
2019-10-30,0.25387096774193546
2019-10-31,0.25193548387096776
2019-11-01,0.25
2019-11-02,0.24966666666666665
2019-11-03,0.24933333333333332
2019-11-04,0.249
2019-11-05,0.24866666666666667
2019-11-06,0.24833333333333332
2019-11-07,0.248
2019-11-08,0.24766666666666665
2019-11-09,0.24733333333333335
2019-11-10,0.247
2019-11-11,0.24666666666666667
2019-11-12,0.24633333333333332
2019-11-13,0.24600000000000002
2019-11-14,0.24566666666666667
2019-11-15,0.24533333333333335
2019-11-16,0.245
2019-11-17,0.24466666666666664
2019-11-18,0.24433333333333335
2019-11-19,0.244
2019-11-20,0.24366666666666667
2019-11-21,0.24333333333333332
2019-11-22,0.243
2019-11-23,0.24266666666666667
2019-11-24,0.24233333333333335
2019-11-25,0.242
2019-11-26,0.24166666666666667
2019-11-27,0.24133333333333332
2019-11-28,0.24100000000000002
2019-11-29,0.24066666666666667
2019-11-30,0.24033333333333334
2019-12-01,0.24
2019-12-02,0.24258064516129033
2019-12-03,0.24516129032258063
2019-12-04,0.24774193548387097
2019-12-05,0.2503225806451613
2019-12-06,0.2529032258064516
2019-12-07,0.25548387096774194
2019-12-08,0.25806451612903225
2019-12-09,0.26064516129032256
2019-12-10,0.26322580645161286
2019-12-11,0.2658064516129032
2019-12-12,0.26838709677419353
2019-12-13,0.2709677419354839
2019-12-14,0.2735483870967742
2019-12-15,0.2761290322580645
2019-12-16,0.2787096774193548
2019-12-17,0.2812903225806452
2019-12-18,0.2838709677419355
2019-12-19,0.2864516129032258
2019-12-20,0.2890322580645161
2019-12-21,0.29161290322580646
2019-12-22,0.29419354838709677
2019-12-23,0.29677419354838713
2019-12-24,0.29935483870967744
2019-12-25,0.30193548387096775
2019-12-26,0.30451612903225805
2019-12-27,0.3070967741935484
2019-12-28,0.3096774193548387
2019-12-29,0.31225806451612903
2019-12-30,0.31483870967741934
2019-12-31,0.3174193548387097
2020-01-01,0.32
2020-01-02,0.3183870967741936
2020-01-03,0.3167741935483871
2020-01-04,0.31516129032258067
2020-01-05,0.3135483870967742
2020-01-06,0.31193548387096776
2020-01-07,0.3103225806451613
2020-01-08,0.30870967741935484
2020-01-09,0.3070967741935484
2020-01-10,0.30548387096774193
2020-01-11,0.3038709677419355
2020-01-12,0.302258064516129
2020-01-13,0.30064516129032254
2020-01-14,0.2990322580645161
2020-01-15,0.2974193548387097
2020-01-16,0.29580645161290325
2020-01-17,0.29419354838709677
2020-01-18,0.29258064516129034
2020-01-19,0.29096774193548386
2020-01-20,0.28935483870967743
2020-01-21,0.28774193548387095
2020-01-22,0.2861290322580645
2020-01-23,0.2845161290322581
2020-01-24,0.2829032258064516
2020-01-25,0.2812903225806452
2020-01-26,0.2796774193548387
2020-01-27,0.27806451612903227
2020-01-28,0.2764516129032258
2020-01-29,0.27483870967741936
2020-01-30,0.2732258064516129
2020-01-31,0.27161290322580645
2020-02-01,0.27
2020-02-02,0.2924137931034483
2020-02-03,0.31482758620689655
2020-02-04,0.3372413793103448
2020-02-05,0.3596551724137931
2020-02-06,0.38206896551724134
2020-02-07,0.40448275862068966
2020-02-08,0.42689655172413793
2020-02-09,0.4493103448275862
2020-02-10,0.47172413793103446
2020-02-11,0.4941379310344827
2020-02-12,0.516551724137931
2020-02-13,0.5389655172413793
2020-02-14,0.5613793103448276
2020-02-15,0.5837931034482758
2020-02-16,0.6062068965517241
2020-02-17,0.6286206896551724
2020-02-18,0.6510344827586206
2020-02-19,0.6734482758620689
2020-02-20,0.6958620689655172
2020-02-21,0.7182758620689654
2020-02-22,0.7406896551724137
2020-02-23,0.7631034482758621
2020-02-24,0.7855172413793103
2020-02-25,0.8079310344827586
2020-02-26,0.8303448275862069
2020-02-27,0.8527586206896551
2020-02-28,0.8751724137931035
2020-02-29,0.8975862068965518
2020-03-01,0.92
2020-03-02,0.9225806451612903
2020-03-03,0.9251612903225807
2020-03-04,0.9277419354838711
2020-03-05,0.9303225806451613
2020-03-06,0.9329032258064517
2020-03-07,0.9354838709677419
2020-03-08,0.9380645161290323
2020-03-09,0.9406451612903226
2020-03-10,0.9432258064516129
2020-03-11,0.9458064516129032
2020-03-12,0.9483870967741936
2020-03-13,0.9509677419354838
2020-03-14,0.9535483870967743
2020-03-15,0.9561290322580644
2020-03-16,0.9587096774193549
2020-03-17,0.9612903225806452
2020-03-18,0.9638709677419355
2020-03-19,0.9664516129032258
2020-03-20,0.9690322580645162
2020-03-21,0.9716129032258064
2020-03-22,0.9741935483870968
2020-03-23,0.976774193548387
2020-03-24,0.9793548387096774
2020-03-25,0.9819354838709677
2020-03-26,0.984516129032258
2020-03-27,0.9870967741935484
2020-03-28,0.9896774193548388
2020-03-29,0.992258064516129
2020-03-30,0.9948387096774194
2020-03-31,0.9974193548387098
2020-04-01,1.0
2020-04-02,0.992
2020-04-03,0.9840000000000001
2020-04-04,0.976
2020-04-05,0.968
2020-04-06,0.96
2020-04-07,0.9520000000000001
2020-04-08,0.9440000000000001
2020-04-09,0.9359999999999999
2020-04-10,0.9279999999999999
2020-04-11,0.92
2020-04-12,0.912
2020-04-13,0.904
2020-04-14,0.8959999999999999
2020-04-15,0.888
2020-04-16,0.88
2020-04-17,0.872
2020-04-18,0.8640000000000001
2020-04-19,0.856
2020-04-20,0.848
2020-04-21,0.84
2020-04-22,0.8320000000000001
2020-04-23,0.8240000000000001
2020-04-24,0.816
2020-04-25,0.8079999999999999
2020-04-26,0.8
2020-04-27,0.792
2020-04-28,0.784
2020-04-29,0.7759999999999999
2020-04-30,0.768
2020-05-01,0.76
2020-05-02,0.7635483870967742
2020-05-03,0.7670967741935484
2020-05-04,0.7706451612903226
2020-05-05,0.7741935483870968
2020-05-06,0.777741935483871
2020-05-07,0.7812903225806451
2020-05-08,0.7848387096774193
2020-05-09,0.7883870967741936
2020-05-10,0.7919354838709677
2020-05-11,0.7954838709677419
2020-05-12,0.7990322580645162
2020-05-13,0.8025806451612902
2020-05-14,0.8061290322580645
2020-05-15,0.8096774193548387
2020-05-16,0.8132258064516129
2020-05-17,0.8167741935483871
2020-05-18,0.8203225806451613
2020-05-19,0.8238709677419355
2020-05-20,0.8274193548387098
2020-05-21,0.8309677419354838
2020-05-22,0.834516129032258
2020-05-23,0.8380645161290323
2020-05-24,0.8416129032258064
2020-05-25,0.8451612903225807
2020-05-26,0.8487096774193549
2020-05-27,0.852258064516129
2020-05-28,0.8558064516129033
2020-05-29,0.8593548387096774
2020-05-30,0.8629032258064516
2020-05-31,0.8664516129032258
2020-06-01,0.87
2020-06-02,0.8716666666666667
2020-06-03,0.8733333333333333
2020-06-04,0.875
2020-06-05,0.8766666666666667
2020-06-06,0.8783333333333333
2020-06-07,0.88
2020-06-08,0.8816666666666667
2020-06-09,0.8833333333333333
2020-06-10,0.885
2020-06-11,0.8866666666666667
2020-06-12,0.8883333333333333
2020-06-13,0.89
2020-06-14,0.8916666666666667
2020-06-15,0.8933333333333333
2020-06-16,0.895
2020-06-17,0.8966666666666667
2020-06-18,0.8983333333333333
2020-06-19,0.9
2020-06-20,0.9016666666666667
2020-06-21,0.9033333333333333
2020-06-22,0.905
2020-06-23,0.9066666666666667
2020-06-24,0.9083333333333333
2020-06-25,0.91
2020-06-26,0.9116666666666667
2020-06-27,0.9133333333333333
2020-06-28,0.915
2020-06-29,0.9166666666666667
2020-06-30,0.9183333333333333
2020-07-01,0.92
2020-07-02,0.9093548387096775
2020-07-03,0.8987096774193549
2020-07-04,0.8880645161290324
2020-07-05,0.8774193548387097
2020-07-06,0.866774193548387
2020-07-07,0.8561290322580645
2020-07-08,0.8454838709677419
2020-07-09,0.8348387096774194
2020-07-10,0.8241935483870968
2020-07-11,0.8135483870967742
2020-07-12,0.8029032258064517
2020-07-13,0.792258064516129
2020-07-14,0.7816129032258065
2020-07-15,0.7709677419354839
2020-07-16,0.7603225806451612
2020-07-17,0.7496774193548387
2020-07-18,0.7390322580645161
2020-07-19,0.7283870967741936
2020-07-20,0.717741935483871
2020-07-21,0.7070967741935484
2020-07-22,0.6964516129032259
2020-07-23,0.6858064516129032
2020-07-24,0.6751612903225807
2020-07-25,0.6645161290322581
2020-07-26,0.6538709677419355
2020-07-27,0.643225806451613
2020-07-28,0.6325806451612903
2020-07-29,0.6219354838709678
2020-07-30,0.6112903225806452
2020-07-31,0.6006451612903225
2020-08-01,0.59
2020-08-02,0.5896774193548387
2020-08-03,0.5893548387096774
2020-08-04,0.5890322580645162
2020-08-05,0.5887096774193548
2020-08-06,0.5883870967741935
2020-08-07,0.5880645161290322
2020-08-08,0.587741935483871
2020-08-09,0.5874193548387097
2020-08-10,0.5870967741935484
2020-08-11,0.5867741935483871
2020-08-12,0.5864516129032258
2020-08-13,0.5861290322580645
2020-08-14,0.5858064516129032
2020-08-15,0.5854838709677419
2020-08-16,0.5851612903225807
2020-08-17,0.5848387096774194
2020-08-18,0.584516129032258
2020-08-19,0.5841935483870968
2020-08-20,0.5838709677419355
2020-08-21,0.5835483870967741
2020-08-22,0.5832258064516129
2020-08-23,0.5829032258064516
2020-08-24,0.5825806451612903
2020-08-25,0.582258064516129
2020-08-26,0.5819354838709677
2020-08-27,0.5816129032258065
2020-08-28,0.5812903225806452
2020-08-29,0.5809677419354838
2020-08-30,0.5806451612903225
2020-08-31,0.5803225806451613
2020-09-01,0.58
2020-09-02,0.5773333333333334
2020-09-03,0.5746666666666667
2020-09-04,0.5720000000000001
2020-09-05,0.5693333333333332
2020-09-06,0.5666666666666667
2020-09-07,0.564
2020-09-08,0.5613333333333334
2020-09-09,0.5586666666666666
2020-09-10,0.556
2020-09-11,0.5533333333333333
2020-09-12,0.5506666666666667
2020-09-13,0.5479999999999999
2020-09-14,0.5453333333333333
2020-09-15,0.5426666666666666
2020-09-16,0.54
2020-09-17,0.5373333333333333
2020-09-18,0.5346666666666667
2020-09-19,0.532
2020-09-20,0.5293333333333333
2020-09-21,0.5266666666666666
2020-09-22,0.524
2020-09-23,0.5213333333333333
2020-09-24,0.5186666666666667
2020-09-25,0.516
2020-09-26,0.5133333333333333
2020-09-27,0.5106666666666666
2020-09-28,0.508
2020-09-29,0.5053333333333333
2020-09-30,0.5026666666666667
2020-10-01,0.5
2020-10-02,0.5003225806451613
2020-10-03,0.5006451612903225
2020-10-04,0.5009677419354839
2020-10-05,0.5012903225806452
2020-10-06,0.5016129032258064
2020-10-07,0.5019354838709678
2020-10-08,0.5022580645161291
2020-10-09,0.5025806451612903
2020-10-10,0.5029032258064516
2020-10-11,0.5032258064516129
2020-10-12,0.5035483870967742
2020-10-13,0.5038709677419355
2020-10-14,0.5041935483870968
2020-10-15,0.5045161290322581
2020-10-16,0.5048387096774194
2020-10-17,0.5051612903225806
2020-10-18,0.5054838709677419
2020-10-19,0.5058064516129032
2020-10-20,0.5061290322580645
2020-10-21,0.5064516129032258
2020-10-22,0.5067741935483872
2020-10-23,0.5070967741935484
2020-10-24,0.5074193548387097
2020-10-25,0.5077419354838709
2020-10-26,0.5080645161290323
2020-10-27,0.5083870967741935
2020-10-28,0.5087096774193548
2020-10-29,0.5090322580645161
2020-10-30,0.5093548387096775
2020-10-31,0.5096774193548387
2020-11-01,0.51
2020-11-02,0.5083333333333333
2020-11-03,0.5066666666666666
2020-11-04,0.505
2020-11-05,0.5033333333333334
2020-11-06,0.5016666666666666
2020-11-07,0.5
2020-11-08,0.49833333333333335
2020-11-09,0.49666666666666665
2020-11-10,0.495
2020-11-11,0.49333333333333335
2020-11-12,0.49166666666666664
2020-11-13,0.49
2020-11-14,0.48833333333333334
2020-11-15,0.48666666666666664
2020-11-16,0.485
2020-11-17,0.48333333333333334
2020-11-18,0.48166666666666663
2020-11-19,0.48
2020-11-20,0.47833333333333333
2020-11-21,0.4766666666666666
2020-11-22,0.475
2020-11-23,0.4733333333333334
2020-11-24,0.4716666666666666
2020-11-25,0.47
2020-11-26,0.4683333333333334
2020-11-27,0.4666666666666666
2020-11-28,0.465
2020-11-29,0.4633333333333334
2020-11-30,0.46166666666666667
2020-12-01,0.46
2020-12-02,0.4629032258064516
2020-12-03,0.4658064516129032
2020-12-04,0.4687096774193549
2020-12-05,0.47161290322580646
2020-12-06,0.4745161290322581
2020-12-07,0.4774193548387097
2020-12-08,0.48032258064516126
2020-12-09,0.4832258064516129
2020-12-10,0.4861290322580645
2020-12-11,0.48903225806451617
2020-12-12,0.49193548387096775
2020-12-13,0.4948387096774194
2020-12-14,0.49774193548387097
2020-12-15,0.5006451612903225
2020-12-16,0.5035483870967742
2020-12-17,0.5064516129032258
2020-12-18,0.5093548387096775
2020-12-19,0.512258064516129
2020-12-20,0.5151612903225806
2020-12-21,0.5180645161290323
2020-12-22,0.5209677419354839
2020-12-23,0.5238709677419355
2020-12-24,0.5267741935483872
2020-12-25,0.5296774193548387
2020-12-26,0.5325806451612903
2020-12-27,0.535483870967742
2020-12-28,0.5383870967741935
2020-12-29,0.5412903225806451
2020-12-30,0.5441935483870968
2020-12-31,0.5470967741935484
2021-01-01,0.55
2021-01-02,0.5458064516129032
2021-01-03,0.5416129032258065
2021-01-04,0.5374193548387097
2021-01-05,0.5332258064516129
2021-01-06,0.5290322580645161
2021-01-07,0.5248387096774194
2021-01-08,0.5206451612903226
2021-01-09,0.5164516129032258
2021-01-10,0.512258064516129
2021-01-11,0.5080645161290323
2021-01-12,0.5038709677419355
2021-01-13,0.4996774193548387
2021-01-14,0.49548387096774194
2021-01-15,0.49129032258064514
2021-01-16,0.4870967741935484
2021-01-17,0.4829032258064516
2021-01-18,0.4787096774193549
2021-01-19,0.4745161290322581
2021-01-20,0.4703225806451613
2021-01-21,0.46612903225806446
2021-01-22,0.4619354838709678
2021-01-23,0.457741935483871
2021-01-24,0.45354838709677414
2021-01-25,0.44935483870967746
2021-01-26,0.4451612903225806
2021-01-27,0.4409677419354838
2021-01-28,0.4367741935483871
2021-01-29,0.4325806451612903
2021-01-30,0.4283870967741935
2021-01-31,0.4241935483870968
2021-02-01,0.42
2021-02-02,0.42392857142857143
2021-02-03,0.4278571428571428
2021-02-04,0.43178571428571433
2021-02-05,0.4357142857142857
2021-02-06,0.43964285714285717
2021-02-07,0.44357142857142856
2021-02-08,0.4475
2021-02-09,0.45142857142857146
2021-02-10,0.45535714285714285
2021-02-11,0.4592857142857143
2021-02-12,0.4632142857142857
2021-02-13,0.46714285714285714
2021-02-14,0.47107142857142853
2021-02-15,0.475
2021-02-16,0.47892857142857137
2021-02-17,0.4828571428571429
2021-02-18,0.4867857142857143
2021-02-19,0.4907142857142857
2021-02-20,0.49464285714285716
2021-02-21,0.49857142857142855
2021-02-22,0.5025
2021-02-23,0.5064285714285713
2021-02-24,0.5103571428571428
2021-02-25,0.5142857142857143
2021-02-26,0.5182142857142857
2021-02-27,0.5221428571428571
2021-02-28,0.5260714285714286
2021-03-01,0.53
2021-03-02,0.5264516129032258
2021-03-03,0.5229032258064517
2021-03-04,0.5193548387096775
2021-03-05,0.5158064516129032
2021-03-06,0.512258064516129
2021-03-07,0.5087096774193549
2021-03-08,0.5051612903225806
2021-03-09,0.5016129032258064
2021-03-10,0.49806451612903224
2021-03-11,0.49451612903225806
2021-03-12,0.49096774193548387
2021-03-13,0.4874193548387097
2021-03-14,0.4838709677419355
2021-03-15,0.48032258064516126
2021-03-16,0.4767741935483871
2021-03-17,0.4732258064516129
2021-03-18,0.4696774193548387
2021-03-19,0.46612903225806446
2021-03-20,0.4625806451612903
2021-03-21,0.45903225806451614
2021-03-22,0.4554838709677419
2021-03-23,0.45193548387096777
2021-03-24,0.4483870967741935
2021-03-25,0.44483870967741934
2021-03-26,0.4412903225806451
2021-03-27,0.43774193548387097
2021-03-28,0.4341935483870968
2021-03-29,0.43064516129032254
2021-03-30,0.4270967741935484
2021-03-31,0.42354838709677417
2021-04-01,0.42
2021-04-02,0.41733333333333333
2021-04-03,0.4146666666666667
2021-04-04,0.41200000000000003
2021-04-05,0.4093333333333333
2021-04-06,0.4066666666666666
2021-04-07,0.40399999999999997
2021-04-08,0.4013333333333333
2021-04-09,0.39866666666666667
2021-04-10,0.396
2021-04-11,0.39333333333333337
2021-04-12,0.3906666666666667
2021-04-13,0.38799999999999996
2021-04-14,0.3853333333333333
2021-04-15,0.38266666666666665
2021-04-16,0.38
2021-04-17,0.37733333333333335
2021-04-18,0.3746666666666667
2021-04-19,0.37200000000000005
2021-04-20,0.36933333333333335
2021-04-21,0.36666666666666664
2021-04-22,0.364
2021-04-23,0.36133333333333334
2021-04-24,0.3586666666666667
2021-04-25,0.35600000000000004
2021-04-26,0.35333333333333333
2021-04-27,0.3506666666666666
2021-04-28,0.348
2021-04-29,0.3453333333333333
2021-04-30,0.3426666666666667
2021-05-01,0.34
2021-05-02,0.3412903225806452
2021-05-03,0.34258064516129033
2021-05-04,0.34387096774193554
2021-05-05,0.34516129032258064
2021-05-06,0.34645161290322585
2021-05-07,0.34774193548387095
2021-05-08,0.34903225806451615
2021-05-09,0.3503225806451613
2021-05-10,0.35161290322580646
2021-05-11,0.3529032258064516
2021-05-12,0.3541935483870968
2021-05-13,0.3554838709677419
2021-05-14,0.35677419354838713
2021-05-15,0.35806451612903223
2021-05-16,0.35935483870967744
2021-05-17,0.36064516129032254
2021-05-18,0.36193548387096774
2021-05-19,0.3632258064516129
2021-05-20,0.36451612903225805
2021-05-21,0.3658064516129032
2021-05-22,0.3670967741935484
2021-05-23,0.3683870967741935
2021-05-24,0.3696774193548387
2021-05-25,0.3709677419354838
2021-05-26,0.37225806451612903
2021-05-27,0.3735483870967742
2021-05-28,0.37483870967741933
2021-05-29,0.3761290322580645
2021-05-30,0.3774193548387097
2021-05-31,0.37870967741935485
2021-06-01,0.38
2021-06-02,0.3803333333333333
2021-06-03,0.3806666666666667
2021-06-04,0.381
2021-06-05,0.3813333333333333
2021-06-06,0.38166666666666665
2021-06-07,0.382
2021-06-08,0.38233333333333336
2021-06-09,0.38266666666666665
2021-06-10,0.38299999999999995
2021-06-11,0.38333333333333336
2021-06-12,0.38366666666666666
2021-06-13,0.384
2021-06-14,0.3843333333333333
2021-06-15,0.3846666666666667
2021-06-16,0.385
2021-06-17,0.3853333333333333
2021-06-18,0.3856666666666667
2021-06-19,0.386
2021-06-20,0.3863333333333333
2021-06-21,0.38666666666666666
2021-06-22,0.387
2021-06-23,0.38733333333333336
2021-06-24,0.38766666666666666
2021-06-25,0.38799999999999996
2021-06-26,0.38833333333333336
2021-06-27,0.38866666666666666
2021-06-28,0.389
2021-06-29,0.3893333333333333
2021-06-30,0.38966666666666666
2021-07-01,0.39
2021-07-02,0.3867741935483871
2021-07-03,0.3835483870967742
2021-07-04,0.3803225806451613
2021-07-05,0.3770967741935484
2021-07-06,0.3738709677419355
2021-07-07,0.37064516129032254
2021-07-08,0.3674193548387097
2021-07-09,0.3641935483870968
2021-07-10,0.36096774193548387
2021-07-11,0.35774193548387095
2021-07-12,0.3545161290322581
2021-07-13,0.35129032258064513
2021-07-14,0.3480645161290322
2021-07-15,0.34483870967741936
2021-07-16,0.34161290322580645
2021-07-17,0.33838709677419354
2021-07-18,0.33516129032258063
2021-07-19,0.3319354838709678
2021-07-20,0.32870967741935486
2021-07-21,0.3254838709677419
2021-07-22,0.32225806451612904
2021-07-23,0.3190322580645161
2021-07-24,0.3158064516129032
2021-07-25,0.3125806451612903
2021-07-26,0.30935483870967745
2021-07-27,0.30612903225806454
2021-07-28,0.3029032258064516
2021-07-29,0.2996774193548387
2021-07-30,0.2964516129032258
2021-07-31,0.2932258064516129
2021-08-01,0.29
2021-08-02,0.29032258064516125
2021-08-03,0.2906451612903226
2021-08-04,0.29096774193548386
2021-08-05,0.29129032258064513
2021-08-06,0.29161290322580646
2021-08-07,0.29193548387096774
2021-08-08,0.292258064516129
2021-08-09,0.29258064516129034
2021-08-10,0.2929032258064516
2021-08-11,0.2932258064516129
2021-08-12,0.2935483870967742
2021-08-13,0.2938709677419355
2021-08-14,0.29419354838709677
2021-08-15,0.2945161290322581
2021-08-16,0.2948387096774194
2021-08-17,0.29516129032258065
2021-08-18,0.2954838709677419
2021-08-19,0.29580645161290325
2021-08-20,0.29612903225806453
2021-08-21,0.2964516129032258
2021-08-22,0.2967741935483871
2021-08-23,0.2970967741935484
2021-08-24,0.2974193548387097
2021-08-25,0.29774193548387096
2021-08-26,0.29806451612903223
2021-08-27,0.29838709677419356
2021-08-28,0.29870967741935484
2021-08-29,0.2990322580645161
2021-08-30,0.2993548387096774
2021-08-31,0.2996774193548387
2021-09-01,0.3
2021-09-02,0.30133333333333334
2021-09-03,0.30266666666666664
2021-09-04,0.304
2021-09-05,0.30533333333333335
2021-09-06,0.3066666666666667
2021-09-07,0.308
2021-09-08,0.30933333333333335
2021-09-09,0.31066666666666665
2021-09-10,0.312
2021-09-11,0.3133333333333333
2021-09-12,0.31466666666666665
2021-09-13,0.316
2021-09-14,0.31733333333333336
2021-09-15,0.31866666666666665
2021-09-16,0.32
2021-09-17,0.3213333333333333
2021-09-18,0.32266666666666666
2021-09-19,0.324
2021-09-20,0.3253333333333333
2021-09-21,0.32666666666666666
2021-09-22,0.32799999999999996
2021-09-23,0.3293333333333333
2021-09-24,0.3306666666666666
2021-09-25,0.332
2021-09-26,0.33333333333333337
2021-09-27,0.33466666666666667
2021-09-28,0.336
2021-09-29,0.3373333333333333
2021-09-30,0.33866666666666667
2021-10-01,0.34
2021-10-02,0.3387096774193548
2021-10-03,0.33741935483870966
2021-10-04,0.3361290322580645
2021-10-05,0.33483870967741935
2021-10-06,0.33354838709677415
2021-10-07,0.33225806451612905
2021-10-08,0.33096774193548384
2021-10-09,0.32967741935483874
2021-10-10,0.32838709677419353
2021-10-11,0.3270967741935484
2021-10-12,0.3258064516129032
2021-10-13,0.32451612903225807
2021-10-14,0.32322580645161286
2021-10-15,0.32193548387096776
2021-10-16,0.32064516129032256
2021-10-17,0.31935483870967746
2021-10-18,0.31806451612903225
2021-10-19,0.3167741935483871
2021-10-20,0.31548387096774194
2021-10-21,0.3141935483870968
2021-10-22,0.3129032258064516
2021-10-23,0.3116129032258064
2021-10-24,0.3103225806451613
2021-10-25,0.3090322580645161
2021-10-26,0.30774193548387097
2021-10-27,0.3064516129032258
2021-10-28,0.30516129032258066
2021-10-29,0.3038709677419355
2021-10-30,0.3025806451612903
2021-10-31,0.30129032258064514
2021-11-01,0.3
2021-11-02,0.301
2021-11-03,0.302
2021-11-04,0.303
2021-11-05,0.304
2021-11-06,0.305
2021-11-07,0.306
2021-11-08,0.307
2021-11-09,0.308
2021-11-10,0.309
2021-11-11,0.31
2021-11-12,0.311
2021-11-13,0.312
2021-11-14,0.313
2021-11-15,0.314
2021-11-16,0.315
2021-11-17,0.316
2021-11-18,0.317
2021-11-19,0.318
2021-11-20,0.319
2021-11-21,0.32
2021-11-22,0.321
2021-11-23,0.322
2021-11-24,0.32299999999999995
2021-11-25,0.324
2021-11-26,0.325
2021-11-27,0.326
2021-11-28,0.327
2021-11-29,0.32799999999999996
2021-11-30,0.32899999999999996
2021-12-01,0.33
2021-12-02,0.3329032258064516
2021-12-03,0.3358064516129032
2021-12-04,0.33870967741935487
2021-12-05,0.34161290322580645
2021-12-06,0.3445161290322581
2021-12-07,0.34741935483870967
2021-12-08,0.3503225806451613
2021-12-09,0.3532258064516129
2021-12-10,0.35612903225806447
2021-12-11,0.35903225806451616
2021-12-12,0.36193548387096774
2021-12-13,0.3648387096774194
2021-12-14,0.36774193548387096
2021-12-15,0.37064516129032254
2021-12-16,0.37354838709677424
2021-12-17,0.3764516129032258
2021-12-18,0.37935483870967746
2021-12-19,0.38225806451612904
2021-12-20,0.3851612903225806
2021-12-21,0.38806451612903226
2021-12-22,0.39096774193548384
2021-12-23,0.39387096774193553
2021-12-24,0.3967741935483871
2021-12-25,0.3996774193548387
2021-12-26,0.40258064516129033
2021-12-27,0.4054838709677419
2021-12-28,0.40838709677419355
2021-12-29,0.41129032258064513
2021-12-30,0.4141935483870968
2021-12-31,0.4170967741935484
2022-01-01,0.42
2022-01-02,0.41612903225806447
2022-01-03,0.41225806451612906
2022-01-04,0.40838709677419355
2022-01-05,0.4045161290322581
2022-01-06,0.40064516129032257
2022-01-07,0.3967741935483871
2022-01-08,0.3929032258064516
2022-01-09,0.38903225806451613
2022-01-10,0.3851612903225806
2022-01-11,0.3812903225806451
2022-01-12,0.3774193548387097
2022-01-13,0.37354838709677424
2022-01-14,0.3696774193548387
2022-01-15,0.3658064516129032
2022-01-16,0.36193548387096774
2022-01-17,0.35806451612903223
2022-01-18,0.3541935483870968
2022-01-19,0.3503225806451613
2022-01-20,0.34645161290322585
2022-01-21,0.34258064516129033
2022-01-22,0.33870967741935487
2022-01-23,0.33483870967741935
2022-01-24,0.33096774193548384
2022-01-25,0.3270967741935484
2022-01-26,0.32322580645161286
2022-01-27,0.31935483870967746
2022-01-28,0.31548387096774194
2022-01-29,0.3116129032258065
2022-01-30,0.30774193548387097
2022-01-31,0.3038709677419355
2022-02-01,0.3
2022-02-02,0.3032142857142857
2022-02-03,0.30642857142857144
2022-02-04,0.30964285714285716
2022-02-05,0.31285714285714283
2022-02-06,0.31607142857142856
2022-02-07,0.3192857142857143
2022-02-08,0.3225
2022-02-09,0.3257142857142857
2022-02-10,0.32892857142857146
2022-02-11,0.33214285714285713
2022-02-12,0.33535714285714285
2022-02-13,0.33857142857142863
2022-02-14,0.3417857142857143
2022-02-15,0.345
2022-02-16,0.3482142857142857
2022-02-17,0.3514285714285715
2022-02-18,0.35464285714285715
2022-02-19,0.3578571428571429
2022-02-20,0.3610714285714286
2022-02-21,0.3642857142857143
2022-02-22,0.3675
2022-02-23,0.3707142857142857
2022-02-24,0.37392857142857144
2022-02-25,0.37714285714285717
2022-02-26,0.38035714285714284
2022-02-27,0.3835714285714286
2022-02-28,0.3867857142857143
2022-03-01,0.39
2022-03-02,0.39
2022-03-03,0.39
2022-03-04,0.39
2022-03-05,0.39
2022-03-06,0.39
2022-03-07,0.39
2022-03-08,0.39
2022-03-09,0.39
2022-03-10,0.39
2022-03-11,0.39
2022-03-12,0.39
2022-03-13,0.39
2022-03-14,0.39
2022-03-15,0.39
2022-03-16,0.39
2022-03-17,0.39
2022-03-18,0.39
2022-03-19,0.39
2022-03-20,0.39
2022-03-21,0.39
2022-03-22,0.39
2022-03-23,0.39
2022-03-24,0.39
2022-03-25,0.39
2022-03-26,0.39
2022-03-27,0.39
2022-03-28,0.39
2022-03-29,0.39
2022-03-30,0.39
2022-03-31,0.39
2022-04-01,0.39
2022-04-02,0.38833333333333336
2022-04-03,0.38666666666666666
2022-04-04,0.385
2022-04-05,0.38333333333333336
2022-04-06,0.38166666666666665
2022-04-07,0.38
2022-04-08,0.37833333333333335
2022-04-09,0.37666666666666665
2022-04-10,0.375
2022-04-11,0.37333333333333335
2022-04-12,0.37166666666666665
2022-04-13,0.37
2022-04-14,0.36833333333333335
2022-04-15,0.36666666666666664
2022-04-16,0.365
2022-04-17,0.36333333333333334
2022-04-18,0.36166666666666664
2022-04-19,0.36
2022-04-20,0.35833333333333334
2022-04-21,0.35666666666666663
2022-04-22,0.355
2022-04-23,0.35333333333333333
2022-04-24,0.3516666666666666
2022-04-25,0.35
2022-04-26,0.3483333333333334
2022-04-27,0.3466666666666666
2022-04-28,0.345
2022-04-29,0.3433333333333334
2022-04-30,0.3416666666666666
2022-05-01,0.34
2022-05-02,0.33806451612903227
2022-05-03,0.3361290322580645
2022-05-04,0.3341935483870968
2022-05-05,0.33225806451612905
2022-05-06,0.3303225806451613
2022-05-07,0.32838709677419353
2022-05-08,0.32645161290322583
2022-05-09,0.32451612903225807
2022-05-10,0.3225806451612903
2022-05-11,0.32064516129032256
2022-05-12,0.31870967741935485
2022-05-13,0.3167741935483871
2022-05-14,0.31483870967741934
2022-05-15,0.3129032258064516
2022-05-16,0.3109677419354839
2022-05-17,0.3090322580645161
2022-05-18,0.3070967741935484
2022-05-19,0.30516129032258066
2022-05-20,0.3032258064516129
2022-05-21,0.30129032258064514
2022-05-22,0.29935483870967744
2022-05-23,0.2974193548387097
2022-05-24,0.2954838709677419
2022-05-25,0.2935483870967742
2022-05-26,0.29161290322580646
2022-05-27,0.2896774193548387
2022-05-28,0.28774193548387095
2022-05-29,0.28580645161290325
2022-05-30,0.2838709677419355
2022-05-31,0.2819354838709678
2022-06-01,0.28
2022-06-02,0.2813333333333333
2022-06-03,0.2826666666666667
2022-06-04,0.284
2022-06-05,0.2853333333333333
2022-06-06,0.2866666666666667
2022-06-07,0.28800000000000003
2022-06-08,0.28933333333333333
2022-06-09,0.2906666666666667
2022-06-10,0.292
2022-06-11,0.29333333333333333
2022-06-12,0.29466666666666663
2022-06-13,0.29600000000000004
2022-06-14,0.29733333333333334
2022-06-15,0.2986666666666667
2022-06-16,0.3
2022-06-17,0.30133333333333334
2022-06-18,0.30266666666666664
2022-06-19,0.304
2022-06-20,0.3053333333333333
2022-06-21,0.3066666666666667
2022-06-22,0.308
2022-06-23,0.30933333333333335
2022-06-24,0.31066666666666665
2022-06-25,0.312
2022-06-26,0.3133333333333333
2022-06-27,0.3146666666666667
2022-06-28,0.316
2022-06-29,0.31733333333333336
2022-06-30,0.31866666666666665
2022-07-01,0.32
2022-07-02,0.31806451612903225
2022-07-03,0.31612903225806455
2022-07-04,0.3141935483870968
2022-07-05,0.31225806451612903
2022-07-06,0.3103225806451613
2022-07-07,0.30838709677419357
2022-07-08,0.3064516129032258
2022-07-09,0.30451612903225805
2022-07-10,0.3025806451612903
2022-07-11,0.30064516129032254
2022-07-12,0.29870967741935484
2022-07-13,0.29677419354838713
2022-07-14,0.2948387096774194
2022-07-15,0.2929032258064516
2022-07-16,0.29096774193548386
2022-07-17,0.2890322580645161
2022-07-18,0.2870967741935484
2022-07-19,0.28516129032258064
2022-07-20,0.28322580645161294
2022-07-21,0.2812903225806452
2022-07-22,0.2793548387096774
2022-07-23,0.27741935483870966
2022-07-24,0.2754838709677419
2022-07-25,0.2735483870967742
2022-07-26,0.27161290322580645
2022-07-27,0.26967741935483874
2022-07-28,0.267741935483871
2022-07-29,0.2658064516129032
2022-07-30,0.26387096774193547
2022-07-31,0.26193548387096777
2022-08-01,0.26
2022-08-02,0.25903225806451613
2022-08-03,0.25806451612903225
2022-08-04,0.25709677419354837
2022-08-05,0.2561290322580645
2022-08-06,0.2551612903225806
2022-08-07,0.25419354838709673
2022-08-08,0.2532258064516129
2022-08-09,0.25225806451612903
2022-08-10,0.25129032258064515
2022-08-11,0.2503225806451613
2022-08-12,0.24935483870967745
2022-08-13,0.24838709677419357
2022-08-14,0.2474193548387097
2022-08-15,0.24645161290322581
2022-08-16,0.24548387096774194
2022-08-17,0.24451612903225808
2022-08-18,0.2435483870967742
2022-08-19,0.24258064516129033
2022-08-20,0.24161290322580645
2022-08-21,0.24064516129032257
2022-08-22,0.23967741935483872
2022-08-23,0.23870967741935484
2022-08-24,0.23774193548387096
2022-08-25,0.2367741935483871
2022-08-26,0.23580645161290323
2022-08-27,0.23483870967741935
2022-08-28,0.23387096774193547
2022-08-29,0.2329032258064516
2022-08-30,0.23193548387096777
2022-08-31,0.2309677419354839
2022-09-01,0.23
2022-09-02,0.23199999999999998
2022-09-03,0.23399999999999999
2022-09-04,0.23600000000000002
2022-09-05,0.23800000000000002
2022-09-06,0.24
2022-09-07,0.242
2022-09-08,0.244
2022-09-09,0.24600000000000002
2022-09-10,0.248
2022-09-11,0.25
2022-09-12,0.252
2022-09-13,0.254
2022-09-14,0.256
2022-09-15,0.258
2022-09-16,0.26
2022-09-17,0.262
2022-09-18,0.264
2022-09-19,0.266
2022-09-20,0.268
2022-09-21,0.27
2022-09-22,0.272
2022-09-23,0.27399999999999997
2022-09-24,0.276
2022-09-25,0.278
2022-09-26,0.28
2022-09-27,0.282
2022-09-28,0.284
2022-09-29,0.28600000000000003
2022-09-30,0.28800000000000003
2022-10-01,0.29
2022-10-02,0.28838709677419355
2022-10-03,0.28677419354838707
2022-10-04,0.28516129032258064
2022-10-05,0.2835483870967742
2022-10-06,0.2819354838709678
2022-10-07,0.2803225806451613
2022-10-08,0.2787096774193548
2022-10-09,0.2770967741935484
2022-10-10,0.2754838709677419
2022-10-11,0.2738709677419355
2022-10-12,0.27225806451612905
2022-10-13,0.27064516129032257
2022-10-14,0.26903225806451614
2022-10-15,0.26741935483870966
2022-10-16,0.2658064516129032
2022-10-17,0.26419354838709674
2022-10-18,0.2625806451612903
2022-10-19,0.2609677419354839
2022-10-20,0.25935483870967746
2022-10-21,0.257741935483871
2022-10-22,0.2561290322580645
2022-10-23,0.25451612903225806
2022-10-24,0.2529032258064516
2022-10-25,0.25129032258064515
2022-10-26,0.24967741935483873
2022-10-27,0.24806451612903224
2022-10-28,0.24645161290322581
2022-10-29,0.24483870967741936
2022-10-30,0.24322580645161287
2022-10-31,0.24161290322580645
2022-11-01,0.24
2022-11-02,0.239
2022-11-03,0.23800000000000002
2022-11-04,0.237
2022-11-05,0.23600000000000002
2022-11-06,0.235
2022-11-07,0.23399999999999999
2022-11-08,0.233
2022-11-09,0.23199999999999998
2022-11-10,0.231
2022-11-11,0.23
2022-11-12,0.22899999999999998
2022-11-13,0.228
2022-11-14,0.22699999999999998
2022-11-15,0.226
2022-11-16,0.225
2022-11-17,0.22399999999999998
2022-11-18,0.223
2022-11-19,0.222
2022-11-20,0.221
2022-11-21,0.22
2022-11-22,0.21899999999999997
2022-11-23,0.218
2022-11-24,0.217
2022-11-25,0.21600000000000003
2022-11-26,0.215
2022-11-27,0.214
2022-11-28,0.213
2022-11-29,0.212
2022-11-30,0.21100000000000002
2022-12-01,0.21
2022-12-02,0.21193548387096775
2022-12-03,0.21387096774193548
2022-12-04,0.21580645161290324
2022-12-05,0.21774193548387097
2022-12-06,0.21967741935483873
2022-12-07,0.22161290322580643
2022-12-08,0.2235483870967742
2022-12-09,0.22548387096774192
2022-12-10,0.22741935483870968
2022-12-11,0.22935483870967743
2022-12-12,0.23129032258064516
2022-12-13,0.2332258064516129
2022-12-14,0.23516129032258065
2022-12-15,0.2370967741935484
2022-12-16,0.2390322580645161
2022-12-17,0.24096774193548387
2022-12-18,0.2429032258064516
2022-12-19,0.24483870967741936
2022-12-20,0.2467741935483871
2022-12-21,0.24870967741935485
2022-12-22,0.25064516129032255
2022-12-23,0.2525806451612903
2022-12-24,0.25451612903225806
2022-12-25,0.2564516129032258
2022-12-26,0.2583870967741936
2022-12-27,0.2603225806451613
2022-12-28,0.26225806451612904
2022-12-29,0.26419354838709674
2022-12-30,0.2661290322580645
2022-12-31,0.26806451612903226
2023-01-01,0.27
2023-01-02,0.26903225806451614
2023-01-03,0.26806451612903226
2023-01-04,0.2670967741935484
2023-01-05,0.2661290322580645
2023-01-06,0.2651612903225806
2023-01-07,0.26419354838709674
2023-01-08,0.2632258064516129
2023-01-09,0.26225806451612904
2023-01-10,0.26129032258064516
2023-01-11,0.2603225806451613
2023-01-12,0.25935483870967746
2023-01-13,0.2583870967741936
2023-01-14,0.2574193548387097
2023-01-15,0.2564516129032258
2023-01-16,0.25548387096774194
2023-01-17,0.25451612903225806
2023-01-18,0.2535483870967742
2023-01-19,0.2525806451612903
2023-01-20,0.25161290322580643
2023-01-21,0.25064516129032255
2023-01-22,0.24967741935483873
2023-01-23,0.24870967741935485
2023-01-24,0.24774193548387097
2023-01-25,0.24677419354838712
2023-01-26,0.24580645161290324
2023-01-27,0.24483870967741936
2023-01-28,0.24387096774193548
2023-01-29,0.2429032258064516
2023-01-30,0.24193548387096775
2023-01-31,0.24096774193548387
2023-02-01,0.24
2023-02-02,0.25607142857142856
2023-02-03,0.27214285714285713
2023-02-04,0.2882142857142857
2023-02-05,0.3042857142857143
2023-02-06,0.32035714285714284
2023-02-07,0.3364285714285714
2023-02-08,0.3525
2023-02-09,0.3685714285714286
2023-02-10,0.3846428571428572
2023-02-11,0.4007142857142857
2023-02-12,0.4167857142857143
2023-02-13,0.43285714285714283
2023-02-14,0.4489285714285714
2023-02-15,0.465
2023-02-16,0.4810714285714286
2023-02-17,0.49714285714285716
2023-02-18,0.5132142857142857
2023-02-19,0.5292857142857144
2023-02-20,0.5453571428571429
2023-02-21,0.5614285714285715
2023-02-22,0.5775
2023-02-23,0.5935714285714286
2023-02-24,0.6096428571428572
2023-02-25,0.6257142857142857
2023-02-26,0.6417857142857143
2023-02-27,0.6578571428571428
2023-02-28,0.6739285714285714
2023-03-01,0.69
2023-03-02,0.6812903225806451
2023-03-03,0.6725806451612903
2023-03-04,0.6638709677419355
2023-03-05,0.6551612903225806
2023-03-06,0.6464516129032257
2023-03-07,0.6377419354838709
2023-03-08,0.6290322580645161
2023-03-09,0.6203225806451613
2023-03-10,0.6116129032258065
2023-03-11,0.6029032258064516
2023-03-12,0.5941935483870968
2023-03-13,0.5854838709677419
2023-03-14,0.5767741935483871
2023-03-15,0.5680645161290322
2023-03-16,0.5593548387096774
2023-03-17,0.5506451612903226
2023-03-18,0.5419354838709678
2023-03-19,0.5332258064516129
2023-03-20,0.5245161290322581
2023-03-21,0.5158064516129032
2023-03-22,0.5070967741935484
2023-03-23,0.49838709677419357
2023-03-24,0.4896774193548387
2023-03-25,0.48096774193548386
2023-03-26,0.47225806451612906
2023-03-27,0.46354838709677426
2023-03-28,0.45483870967741935
2023-03-29,0.4461290322580645
2023-03-30,0.4374193548387097
2023-03-31,0.4287096774193549
2023-04-01,0.42
2023-04-02,0.4196666666666667
2023-04-03,0.4193333333333333
2023-04-04,0.419
2023-04-05,0.4186666666666667
2023-04-06,0.41833333333333333
2023-04-07,0.418
2023-04-08,0.41766666666666663
2023-04-09,0.41733333333333333
2023-04-10,0.41700000000000004
2023-04-11,0.41666666666666663
2023-04-12,0.41633333333333333
2023-04-13,0.41600000000000004
2023-04-14,0.4156666666666667
2023-04-15,0.41533333333333333
2023-04-16,0.415
2023-04-17,0.4146666666666667
2023-04-18,0.4143333333333333
2023-04-19,0.414
2023-04-20,0.4136666666666667
2023-04-21,0.41333333333333333
2023-04-22,0.413
2023-04-23,0.4126666666666667
2023-04-24,0.41233333333333333
2023-04-25,0.41200000000000003
2023-04-26,0.4116666666666666
2023-04-27,0.41133333333333333
2023-04-28,0.41100000000000003
2023-04-29,0.4106666666666667
2023-04-30,0.4103333333333333
2023-05-01,0.41
2023-05-02,0.40612903225806446
2023-05-03,0.40225806451612905
2023-05-04,0.39838709677419354
2023-05-05,0.3945161290322581
2023-05-06,0.39064516129032256
2023-05-07,0.3867741935483871
2023-05-08,0.3829032258064516
2023-05-09,0.3790322580645162
2023-05-10,0.37516129032258067
2023-05-11,0.37129032258064515
2023-05-12,0.3674193548387097
2023-05-13,0.36354838709677423
2023-05-14,0.3596774193548387
2023-05-15,0.3558064516129032
2023-05-16,0.35193548387096774
2023-05-17,0.3480645161290322
2023-05-18,0.3441935483870968
2023-05-19,0.3403225806451613
2023-05-20,0.33645161290322584
2023-05-21,0.3325806451612903
2023-05-22,0.32870967741935486
2023-05-23,0.32483870967741935
2023-05-24,0.32096774193548383
2023-05-25,0.3170967741935484
2023-05-26,0.3132258064516129
2023-05-27,0.30935483870967745
2023-05-28,0.30548387096774193
2023-05-29,0.3016129032258065
2023-05-30,0.29774193548387096
2023-05-31,0.2938709677419355
2023-06-01,0.29
2023-06-02,0.29266666666666663
2023-06-03,0.29533333333333334
2023-06-04,0.298
2023-06-05,0.30066666666666664
2023-06-06,0.30333333333333334
2023-06-07,0.306
2023-06-08,0.30866666666666664
2023-06-09,0.31133333333333335
2023-06-10,0.314
2023-06-11,0.31666666666666665
2023-06-12,0.31933333333333336
2023-06-13,0.322
2023-06-14,0.32466666666666666
2023-06-15,0.32733333333333337
2023-06-16,0.33
2023-06-17,0.33266666666666667
2023-06-18,0.3353333333333333
2023-06-19,0.33799999999999997
2023-06-20,0.3406666666666666
2023-06-21,0.3433333333333334
2023-06-22,0.34600000000000003
2023-06-23,0.3486666666666667
2023-06-24,0.35133333333333333
2023-06-25,0.354
2023-06-26,0.35666666666666663
2023-06-27,0.3593333333333334
2023-06-28,0.36200000000000004
2023-06-29,0.3646666666666667
2023-06-30,0.36733333333333335
2023-07-01,0.37
2023-07-02,0.3658064516129032
2023-07-03,0.36161290322580647
2023-07-04,0.3574193548387097
2023-07-05,0.3532258064516129
2023-07-06,0.34903225806451615
2023-07-07,0.34483870967741936
2023-07-08,0.3406451612903226
2023-07-09,0.33645161290322584
2023-07-10,0.33225806451612905
2023-07-11,0.32806451612903226
2023-07-12,0.3238709677419355
2023-07-13,0.31967741935483873
2023-07-14,0.31548387096774194
2023-07-15,0.31129032258064515
2023-07-16,0.3070967741935484
2023-07-17,0.3029032258064516
2023-07-18,0.29870967741935484
2023-07-19,0.2945161290322581
2023-07-20,0.29032258064516125
2023-07-21,0.2861290322580645
2023-07-22,0.2819354838709678
2023-07-23,0.27774193548387094
2023-07-24,0.27354838709677415
2023-07-25,0.2693548387096774
2023-07-26,0.2651612903225806
2023-07-27,0.26096774193548383
2023-07-28,0.2567741935483871
2023-07-29,0.2525806451612903
2023-07-30,0.24838709677419352
2023-07-31,0.24419354838709675
2023-08-01,0.24
2023-08-02,0.2390322580645161
2023-08-03,0.23806451612903223
2023-08-04,0.2370967741935484
2023-08-05,0.23612903225806453
2023-08-06,0.23516129032258065
2023-08-07,0.23419354838709677
2023-08-08,0.23322580645161292
2023-08-09,0.23225806451612904
2023-08-10,0.23129032258064516
2023-08-11,0.23032258064516128
2023-08-12,0.22935483870967743
2023-08-13,0.22838709677419355
2023-08-14,0.22741935483870968
2023-08-15,0.2264516129032258
2023-08-16,0.22548387096774192
2023-08-17,0.22451612903225807
2023-08-18,0.2235483870967742
2023-08-19,0.2225806451612903
2023-08-20,0.22161290322580643
2023-08-21,0.22064516129032255
2023-08-22,0.21967741935483873
2023-08-23,0.21870967741935485
2023-08-24,0.21774193548387097
2023-08-25,0.21677419354838712
2023-08-26,0.21580645161290324
2023-08-27,0.21483870967741936
2023-08-28,0.21387096774193548
2023-08-29,0.2129032258064516
2023-08-30,0.21193548387096775
2023-08-31,0.21096774193548387
2023-09-01,0.21
2023-09-02,0.21166666666666667
2023-09-03,0.21333333333333332
2023-09-04,0.215
2023-09-05,0.21666666666666667
2023-09-06,0.21833333333333332
2023-09-07,0.22
2023-09-08,0.22166666666666668
2023-09-09,0.22333333333333333
2023-09-10,0.225
2023-09-11,0.22666666666666668
2023-09-12,0.22833333333333333
2023-09-13,0.23
2023-09-14,0.2316666666666667
2023-09-15,0.2333333333333333
2023-09-16,0.235
2023-09-17,0.2366666666666667
2023-09-18,0.2383333333333333
2023-09-19,0.24
2023-09-20,0.24166666666666667
2023-09-21,0.24333333333333332
2023-09-22,0.245
2023-09-23,0.24666666666666667
2023-09-24,0.24833333333333332
2023-09-25,0.25
2023-09-26,0.25166666666666665
2023-09-27,0.2533333333333333
2023-09-28,0.255
2023-09-29,0.25666666666666665
2023-09-30,0.2583333333333333
2023-10-01,0.26
2023-10-02,0.25903225806451613
2023-10-03,0.25806451612903225
2023-10-04,0.25709677419354837
2023-10-05,0.2561290322580645
2023-10-06,0.2551612903225806
2023-10-07,0.25419354838709673
2023-10-08,0.2532258064516129
2023-10-09,0.25225806451612903
2023-10-10,0.25129032258064515
2023-10-11,0.2503225806451613
2023-10-12,0.24935483870967745
2023-10-13,0.24838709677419357
2023-10-14,0.2474193548387097
2023-10-15,0.24645161290322581
2023-10-16,0.24548387096774194
2023-10-17,0.24451612903225808
2023-10-18,0.2435483870967742
2023-10-19,0.24258064516129033
2023-10-20,0.24161290322580645
2023-10-21,0.24064516129032257
2023-10-22,0.23967741935483872
2023-10-23,0.23870967741935484
2023-10-24,0.23774193548387096
2023-10-25,0.2367741935483871
2023-10-26,0.23580645161290323
2023-10-27,0.23483870967741935
2023-10-28,0.23387096774193547
2023-10-29,0.2329032258064516
2023-10-30,0.23193548387096777
2023-10-31,0.2309677419354839
2023-11-01,0.23
2023-11-02,0.231
2023-11-03,0.23199999999999998
2023-11-04,0.233
2023-11-05,0.23399999999999999
2023-11-06,0.235
2023-11-07,0.23600000000000002
2023-11-08,0.237
2023-11-09,0.23800000000000002
2023-11-10,0.239
2023-11-11,0.24
2023-11-12,0.24100000000000002
2023-11-13,0.242
2023-11-14,0.243
2023-11-15,0.244
2023-11-16,0.245
2023-11-17,0.24600000000000002
2023-11-18,0.247
2023-11-19,0.248
2023-11-20,0.249
2023-11-21,0.25
2023-11-22,0.251
2023-11-23,0.252
2023-11-24,0.253
2023-11-25,0.254
2023-11-26,0.255
2023-11-27,0.256
2023-11-28,0.257
2023-11-29,0.258
2023-11-30,0.259
2023-12-01,0.26
2023-12-02,0.26193548387096777
2023-12-03,0.26387096774193547
2023-12-04,0.2658064516129032
2023-12-05,0.267741935483871
2023-12-06,0.26967741935483874
2023-12-07,0.27161290322580645
2023-12-08,0.2735483870967742
2023-12-09,0.2754838709677419
2023-12-10,0.27741935483870966
2023-12-11,0.2793548387096774
2023-12-12,0.2812903225806452
2023-12-13,0.2832258064516129
2023-12-14,0.28516129032258064
2023-12-15,0.2870967741935484
2023-12-16,0.2890322580645161
2023-12-17,0.29096774193548386
2023-12-18,0.2929032258064516
2023-12-19,0.2948387096774194
2023-12-20,0.2967741935483871
2023-12-21,0.29870967741935484
2023-12-22,0.30064516129032254
2023-12-23,0.3025806451612903
2023-12-24,0.30451612903225805
2023-12-25,0.3064516129032258
2023-12-26,0.30838709677419357
2023-12-27,0.3103225806451613
2023-12-28,0.31225806451612903
2023-12-29,0.3141935483870968
2023-12-30,0.31612903225806455
2023-12-31,0.31806451612903225
2024-01-01,0.32
2024-01-02,0.317741935483871
2024-01-03,0.31548387096774194
2024-01-04,0.3132258064516129
2024-01-05,0.3109677419354839
2024-01-06,0.30870967741935484
2024-01-07,0.3064516129032258
2024-01-08,0.3041935483870968
2024-01-09,0.30193548387096775
2024-01-10,0.2996774193548387
2024-01-11,0.2974193548387097
2024-01-12,0.29516129032258065
2024-01-13,0.2929032258064516
2024-01-14,0.2906451612903226
2024-01-15,0.28838709677419355
2024-01-16,0.2861290322580645
2024-01-17,0.2838709677419355
2024-01-18,0.28161290322580645
2024-01-19,0.2793548387096774
2024-01-20,0.2770967741935484
2024-01-21,0.27483870967741936
2024-01-22,0.2725806451612903
2024-01-23,0.2703225806451613
2024-01-24,0.26806451612903226
2024-01-25,0.2658064516129032
2024-01-26,0.2635483870967742
2024-01-27,0.26129032258064516
2024-01-28,0.25903225806451613
2024-01-29,0.2567741935483871
2024-01-30,0.25451612903225806
2024-01-31,0.25225806451612903
2024-02-01,0.25
2024-02-02,0.25103448275862067
2024-02-03,0.2520689655172414
2024-02-04,0.25310344827586206
2024-02-05,0.2541379310344828
2024-02-06,0.25517241379310346
2024-02-07,0.25620689655172413
2024-02-08,0.25724137931034485
2024-02-09,0.2582758620689655
2024-02-10,0.2593103448275862
2024-02-11,0.2603448275862069
2024-02-12,0.2613793103448276
2024-02-13,0.2624137931034483
2024-02-14,0.263448275862069
2024-02-15,0.26448275862068965
2024-02-16,0.2655172413793104
2024-02-17,0.26655172413793105
2024-02-18,0.2675862068965517
2024-02-19,0.26862068965517244
2024-02-20,0.2696551724137931
2024-02-21,0.27068965517241383
2024-02-22,0.2717241379310345
2024-02-23,0.2727586206896552
2024-02-24,0.2737931034482759
2024-02-25,0.27482758620689657
2024-02-26,0.27586206896551724
2024-02-27,0.27689655172413796
2024-02-28,0.27793103448275863
2024-02-29,0.2789655172413793
2024-03-01,0.28
2024-03-02,0.2819354838709678
2024-03-03,0.2838709677419355
2024-03-04,0.28580645161290325
2024-03-05,0.28774193548387095
2024-03-06,0.2896774193548387
2024-03-07,0.29161290322580646
2024-03-08,0.2935483870967742
2024-03-09,0.2954838709677419
2024-03-10,0.2974193548387097
2024-03-11,0.29935483870967744
2024-03-12,0.30129032258064514
2024-03-13,0.3032258064516129
2024-03-14,0.30516129032258066
2024-03-15,0.3070967741935484
2024-03-16,0.3090322580645161
2024-03-17,0.3109677419354839
2024-03-18,0.3129032258064516
2024-03-19,0.31483870967741934
2024-03-20,0.3167741935483871
2024-03-21,0.31870967741935485
2024-03-22,0.32064516129032256
2024-03-23,0.3225806451612903
2024-03-24,0.32451612903225807
2024-03-25,0.3264516129032258
2024-03-26,0.32838709677419353
2024-03-27,0.3303225806451613
2024-03-28,0.33225806451612905
2024-03-29,0.3341935483870968
2024-03-30,0.3361290322580645
2024-03-31,0.33806451612903227
2024-04-01,0.34
2024-04-02,0.33799999999999997
2024-04-03,0.336
2024-04-04,0.33399999999999996
2024-04-05,0.332
2024-04-06,0.33
2024-04-07,0.32799999999999996
2024-04-08,0.326
2024-04-09,0.324
2024-04-10,0.322
2024-04-11,0.32
2024-04-12,0.318
2024-04-13,0.316
2024-04-14,0.314
2024-04-15,0.312
2024-04-16,0.31
2024-04-17,0.308
2024-04-18,0.306
2024-04-19,0.304
2024-04-20,0.302
2024-04-21,0.3
2024-04-22,0.298
2024-04-23,0.29600000000000004
2024-04-24,0.294
2024-04-25,0.292
2024-04-26,0.29
2024-04-27,0.28800000000000003
2024-04-28,0.28600000000000003
2024-04-29,0.284
2024-04-30,0.282
2024-05-01,0.28
2024-05-02,0.27903225806451615
2024-05-03,0.27806451612903227
2024-05-04,0.2770967741935484
2024-05-05,0.2761290322580645
2024-05-06,0.27516129032258063
2024-05-07,0.27419354838709675
2024-05-08,0.27322580645161293
2024-05-09,0.27225806451612905
2024-05-10,0.27129032258064517
2024-05-11,0.2703225806451613
2024-05-12,0.2693548387096774
2024-05-13,0.26838709677419353
2024-05-14,0.26741935483870966
2024-05-15,0.2664516129032258
2024-05-16,0.2654838709677419
2024-05-17,0.2645161290322581
2024-05-18,0.2635483870967742
2024-05-19,0.2625806451612903
2024-05-20,0.26161290322580644
2024-05-21,0.26064516129032256
2024-05-22,0.25967741935483873
2024-05-23,0.25870967741935486
2024-05-24,0.257741935483871
2024-05-25,0.2567741935483871
2024-05-26,0.2558064516129032
2024-05-27,0.25483870967741934
2024-05-28,0.25387096774193546
2024-05-29,0.2529032258064516
2024-05-30,0.25193548387096776
2024-05-31,0.2509677419354839
2024-06-01,0.25
2024-06-02,0.254
2024-06-03,0.258
2024-06-04,0.262
2024-06-05,0.266
2024-06-06,0.27
2024-06-07,0.27399999999999997
2024-06-08,0.278
2024-06-09,0.282
2024-06-10,0.28600000000000003
2024-06-11,0.29
2024-06-12,0.294
2024-06-13,0.298
2024-06-14,0.302
2024-06-15,0.306
2024-06-16,0.31
2024-06-17,0.314
2024-06-18,0.318
2024-06-19,0.322
2024-06-20,0.326
2024-06-21,0.33
2024-06-22,0.33399999999999996
2024-06-23,0.33799999999999997
2024-06-24,0.342
2024-06-25,0.34600000000000003
2024-06-26,0.35
2024-06-27,0.354
2024-06-28,0.358
2024-06-29,0.36200000000000004
2024-06-30,0.366
2024-07-01,0.37
2024-07-02,0.36774193548387096
2024-07-03,0.36548387096774193
2024-07-04,0.3632258064516129
2024-07-05,0.36096774193548387
2024-07-06,0.3587096774193549
2024-07-07,0.35645161290322586
2024-07-08,0.3541935483870968
2024-07-09,0.35193548387096774
2024-07-10,0.3496774193548387
2024-07-11,0.34741935483870967
2024-07-12,0.34516129032258064
2024-07-13,0.3429032258064516
2024-07-14,0.3406451612903226
2024-07-15,0.33838709677419354
2024-07-16,0.3361290322580645
2024-07-17,0.33387096774193553
2024-07-18,0.3316129032258065
2024-07-19,0.3293548387096774
2024-07-20,0.3270967741935484
2024-07-21,0.32483870967741935
2024-07-22,0.3225806451612903
2024-07-23,0.3203225806451613
2024-07-24,0.31806451612903225
2024-07-25,0.3158064516129032
2024-07-26,0.3135483870967742
2024-07-27,0.31129032258064515
2024-07-28,0.3090322580645161
2024-07-29,0.30677419354838714
2024-07-30,0.30451612903225805
2024-07-31,0.302258064516129
2024-08-01,0.3
2024-08-02,0.30032258064516126
2024-08-03,0.3006451612903226
2024-08-04,0.30096774193548387
2024-08-05,0.30129032258064514
2024-08-06,0.3016129032258064
2024-08-07,0.30193548387096775
2024-08-08,0.302258064516129
2024-08-09,0.3025806451612903
2024-08-10,0.3029032258064516
2024-08-11,0.3032258064516129
2024-08-12,0.3035483870967742
2024-08-13,0.3038709677419355
2024-08-14,0.3041935483870968
2024-08-15,0.30451612903225805
2024-08-16,0.3048387096774194
2024-08-17,0.30516129032258066
2024-08-18,0.30548387096774193
2024-08-19,0.30580645161290326
2024-08-20,0.30612903225806454
2024-08-21,0.3064516129032258
2024-08-22,0.3067741935483871
2024-08-23,0.3070967741935484
2024-08-24,0.3074193548387097
2024-08-25,0.30774193548387097
2024-08-26,0.30806451612903224
2024-08-27,0.30838709677419357
2024-08-28,0.30870967741935484
2024-08-29,0.3090322580645161
2024-08-30,0.3093548387096774
2024-08-31,0.3096774193548387
2024-09-01,0.31
2024-09-02,0.31
2024-09-03,0.31
2024-09-04,0.31
2024-09-05,0.31
2024-09-06,0.31
2024-09-07,0.31
2024-09-08,0.31
2024-09-09,0.31
2024-09-10,0.31
2024-09-11,0.31
2024-09-12,0.31
2024-09-13,0.31
2024-09-14,0.31
2024-09-15,0.31
2024-09-16,0.31
2024-09-17,0.31
2024-09-18,0.31
2024-09-19,0.31
2024-09-20,0.31
2024-09-21,0.31
2024-09-22,0.31
2024-09-23,0.31
2024-09-24,0.31
2024-09-25,0.31
2024-09-26,0.31
2024-09-27,0.31
2024-09-28,0.31
2024-09-29,0.31
2024-09-30,0.31
2024-10-01,0.31
2024-10-02,0.31225806451612903
2024-10-03,0.31451612903225806
2024-10-04,0.3167741935483871
2024-10-05,0.3190322580645161
2024-10-06,0.3212903225806451
2024-10-07,0.32354838709677414
2024-10-08,0.3258064516129032
2024-10-09,0.32806451612903226
2024-10-10,0.3303225806451613
2024-10-11,0.3325806451612903
2024-10-12,0.33483870967741935
2024-10-13,0.3370967741935484
2024-10-14,0.3393548387096774
2024-10-15,0.34161290322580645
2024-10-16,0.34387096774193554
2024-10-17,0.34612903225806446
2024-10-18,0.34838709677419355
2024-10-19,0.3506451612903226
2024-10-20,0.3529032258064516
2024-10-21,0.35516129032258065
2024-10-22,0.3574193548387097
2024-10-23,0.3596774193548387
2024-10-24,0.36193548387096774
2024-10-25,0.3641935483870968
2024-10-26,0.36645161290322575
2024-10-27,0.3687096774193549
2024-10-28,0.3709677419354838
2024-10-29,0.3732258064516129
2024-10-30,0.37548387096774194
2024-10-31,0.37774193548387097
2024-11-01,0.38
2024-11-02,0.37666666666666665
2024-11-03,0.37333333333333335
2024-11-04,0.37
2024-11-05,0.36666666666666664
2024-11-06,0.36333333333333334
2024-11-07,0.36
2024-11-08,0.35666666666666663
2024-11-09,0.35333333333333333
2024-11-10,0.35
2024-11-11,0.3466666666666666
2024-11-12,0.3433333333333334
2024-11-13,0.34
2024-11-14,0.33666666666666667
2024-11-15,0.33333333333333337
2024-11-16,0.33
2024-11-17,0.32666666666666666
2024-11-18,0.32333333333333336
2024-11-19,0.32
2024-11-20,0.31666666666666665
2024-11-21,0.31333333333333335
2024-11-22,0.31
2024-11-23,0.3066666666666667
2024-11-24,0.30333333333333334
2024-11-25,0.3
2024-11-26,0.2966666666666667
2024-11-27,0.29333333333333333
2024-11-28,0.29
2024-11-29,0.2866666666666667
2024-11-30,0.2833333333333334
2024-12-01,0.28
2024-12-02,0.2835483870967742
2024-12-03,0.2870967741935484
2024-12-04,0.2906451612903226
2024-12-05,0.29419354838709677
2024-12-06,0.29774193548387096
2024-12-07,0.30129032258064514
2024-12-08,0.3048387096774194
2024-12-09,0.30838709677419357
2024-12-10,0.31193548387096776
2024-12-11,0.31548387096774194
2024-12-12,0.3190322580645161
2024-12-13,0.3225806451612903
2024-12-14,0.3261290322580645
2024-12-15,0.32967741935483874
2024-12-16,0.33322580645161287
2024-12-17,0.3367741935483871
2024-12-18,0.3403225806451613
2024-12-19,0.34387096774193554
2024-12-20,0.34741935483870967
2024-12-21,0.35096774193548386
2024-12-22,0.3545161290322581
2024-12-23,0.35806451612903223
2024-12-24,0.36161290322580647
2024-12-25,0.36516129032258066
2024-12-26,0.3687096774193549
2024-12-27,0.37225806451612903
2024-12-28,0.3758064516129032
2024-12-29,0.37935483870967746
2024-12-30,0.3829032258064516
2024-12-31,0.3864516129032258
2025-01-01,0.39
2025-01-02,0.38967741935483874
2025-01-03,0.38935483870967746
2025-01-04,0.38903225806451613
2025-01-05,0.3887096774193548
2025-01-06,0.38838709677419353
2025-01-07,0.38806451612903226
2025-01-08,0.387741935483871
2025-01-09,0.3874193548387097
2025-01-10,0.3870967741935484
2025-01-11,0.3867741935483871
2025-01-12,0.3864516129032258
2025-01-13,0.3861290322580645
2025-01-14,0.3858064516129032
2025-01-15,0.38548387096774195
2025-01-16,0.3851612903225806
2025-01-17,0.38483870967741934
2025-01-18,0.38451612903225807
2025-01-19,0.3841935483870968
2025-01-20,0.3838709677419355
2025-01-21,0.3835483870967742
2025-01-22,0.38322580645161286
2025-01-23,0.3829032258064516
2025-01-24,0.3825806451612903
2025-01-25,0.38225806451612904
2025-01-26,0.38193548387096776
2025-01-27,0.3816129032258065
2025-01-28,0.3812903225806452
2025-01-29,0.38096774193548383
2025-01-30,0.38064516129032255
2025-01-31,0.3803225806451613
2025-02-01,0.38
2025-02-02,0.37964285714285717
2025-02-03,0.3792857142857143
2025-02-04,0.37892857142857145
2025-02-05,0.37857142857142856
2025-02-06,0.37821428571428567
2025-02-07,0.37785714285714284
2025-02-08,0.3775
2025-02-09,0.37714285714285717
2025-02-10,0.3767857142857143
2025-02-11,0.37642857142857145
2025-02-12,0.37607142857142856
2025-02-13,0.37571428571428567
2025-02-14,0.37535714285714283
2025-02-15,0.375
2025-02-16,0.37464285714285717
2025-02-17,0.37428571428571433
2025-02-18,0.37392857142857144
2025-02-19,0.37357142857142855
2025-02-20,0.3732142857142857
2025-02-21,0.37285714285714283
2025-02-22,0.3725
2025-02-23,0.37214285714285716
2025-02-24,0.37178571428571433
2025-02-25,0.37142857142857144
2025-02-26,0.37107142857142855
2025-02-27,0.3707142857142857
2025-02-28,0.37035714285714283
2025-03-01,0.37
2025-03-02,0.37548387096774194
2025-03-03,0.38096774193548383
2025-03-04,0.3864516129032258
2025-03-05,0.39193548387096777
2025-03-06,0.39741935483870966
2025-03-07,0.4029032258064516
2025-03-08,0.40838709677419355
2025-03-09,0.4138709677419355
2025-03-10,0.41935483870967744
2025-03-11,0.4248387096774194
2025-03-12,0.43032258064516127
2025-03-13,0.4358064516129032
2025-03-14,0.4412903225806451
2025-03-15,0.4467741935483871
2025-03-16,0.45225806451612904
2025-03-17,0.457741935483871
2025-03-18,0.4632258064516129
2025-03-19,0.4687096774193549
2025-03-20,0.4741935483870968
2025-03-21,0.4796774193548387
2025-03-22,0.48516129032258065
2025-03-23,0.49064516129032254
2025-03-24,0.4961290322580645
2025-03-25,0.5016129032258064
2025-03-26,0.5070967741935484
2025-03-27,0.5125806451612903
2025-03-28,0.5180645161290323
2025-03-29,0.5235483870967742
2025-03-30,0.5290322580645161
2025-03-31,0.5345161290322581
2025-04-01,0.54
2025-04-02,0.5329999999999999
2025-04-03,0.526
2025-04-04,0.519
2025-04-05,0.512
2025-04-06,0.505
2025-04-07,0.498
2025-04-08,0.491
2025-04-09,0.484
2025-04-10,0.47700000000000004
2025-04-11,0.47
2025-04-12,0.46299999999999997
2025-04-13,0.456
2025-04-14,0.449
2025-04-15,0.442
2025-04-16,0.435
2025-04-17,0.428
2025-04-18,0.42100000000000004
2025-04-19,0.414
2025-04-20,0.40700000000000003
2025-04-21,0.4
2025-04-22,0.39299999999999996
2025-04-23,0.386
2025-04-24,0.37900000000000006
2025-04-25,0.37200000000000005
2025-04-26,0.365
2025-04-27,0.358
2025-04-28,0.35100000000000003
2025-04-29,0.3440000000000001
2025-04-30,0.337
2025-05-01,0.33
2025-05-02,0.32967741935483874
2025-05-03,0.3293548387096774
2025-05-04,0.32903225806451614
2025-05-05,0.3287096774193548
2025-05-06,0.32838709677419353
2025-05-07,0.32806451612903226
2025-05-08,0.327741935483871
2025-05-09,0.32741935483870965
2025-05-10,0.3270967741935484
2025-05-11,0.3267741935483871
2025-05-12,0.32645161290322583
2025-05-13,0.3261290322580645
2025-05-14,0.3258064516129032
2025-05-15,0.3254838709677419
2025-05-16,0.3251612903225806
2025-05-17,0.32483870967741935
2025-05-18,0.32451612903225807
2025-05-19,0.3241935483870968
2025-05-20,0.3238709677419355
2025-05-21,0.32354838709677414
2025-05-22,0.32322580645161286
2025-05-23,0.3229032258064516
2025-05-24,0.3225806451612903
2025-05-25,0.32225806451612904
2025-05-26,0.32193548387096776
2025-05-27,0.3216129032258065
2025-05-28,0.3212903225806452
2025-05-29,0.32096774193548383
2025-05-30,0.32064516129032256
2025-05-31,0.3203225806451613
2025-06-01,0.32
2025-06-02,0.3253333333333333
2025-06-03,0.3306666666666667
2025-06-04,0.336
2025-06-05,0.3413333333333333
2025-06-06,0.3466666666666666
2025-06-07,0.35200000000000004
2025-06-08,0.35733333333333334
2025-06-09,0.36266666666666664
2025-06-10,0.368
2025-06-11,0.37333333333333335
2025-06-12,0.37866666666666665
2025-06-13,0.384
2025-06-14,0.38933333333333336
2025-06-15,0.39466666666666667
2025-06-16,0.4
2025-06-17,0.4053333333333333
2025-06-18,0.4106666666666666
2025-06-19,0.41600000000000004
2025-06-20,0.42133333333333334
2025-06-21,0.42666666666666664
2025-06-22,0.43200000000000005
2025-06-23,0.43733333333333335
2025-06-24,0.44266666666666665
2025-06-25,0.44799999999999995
2025-06-26,0.45333333333333337
2025-06-27,0.45866666666666667
2025-06-28,0.46399999999999997
2025-06-29,0.4693333333333334
2025-06-30,0.4746666666666667
2025-07-01,0.48
2025-07-02,0.4780645161290322
2025-07-03,0.47612903225806447
2025-07-04,0.4741935483870968
2025-07-05,0.47225806451612906
2025-07-06,0.4703225806451613
2025-07-07,0.46838709677419355
2025-07-08,0.46645161290322584
2025-07-09,0.4645161290322581
2025-07-10,0.4625806451612903
2025-07-11,0.46064516129032257
2025-07-12,0.45870967741935487
2025-07-13,0.4567741935483871
2025-07-14,0.45483870967741935
2025-07-15,0.4529032258064516
2025-07-16,0.45096774193548383
2025-07-17,0.44903225806451613
2025-07-18,0.4470967741935484
2025-07-19,0.4451612903225806
2025-07-20,0.44322580645161286
2025-07-21,0.4412903225806451
2025-07-22,0.43935483870967745
2025-07-23,0.4374193548387097
2025-07-24,0.43548387096774194
2025-07-25,0.43354838709677423
2025-07-26,0.4316129032258065
2025-07-27,0.4296774193548387
2025-07-28,0.42774193548387096
2025-07-29,0.4258064516129032
2025-07-30,0.4238709677419355
2025-07-31,0.42193548387096774
2025-08-01,0.42
2025-08-02,0.42032258064516126
2025-08-03,0.4206451612903226
2025-08-04,0.42096774193548386
2025-08-05,0.4212903225806452
2025-08-06,0.42161290322580647
2025-08-07,0.42193548387096774
2025-08-08,0.422258064516129
2025-08-09,0.42258064516129035
2025-08-10,0.4229032258064516
2025-08-11,0.4232258064516129
2025-08-12,0.42354838709677417
2025-08-13,0.4238709677419355
2025-08-14,0.4241935483870968
2025-08-15,0.4245161290322581
2025-08-16,0.4248387096774194
2025-08-17,0.42516129032258065
2025-08-18,0.42548387096774193
2025-08-19,0.4258064516129032
2025-08-20,0.4261290322580645
2025-08-21,0.42645161290322586
2025-08-22,0.42677419354838714
2025-08-23,0.4270967741935484
2025-08-24,0.4274193548387097
2025-08-25,0.42774193548387096
2025-08-26,0.42806451612903224
2025-08-27,0.4283870967741935
2025-08-28,0.4287096774193548
2025-08-29,0.42903225806451617
2025-08-30,0.42935483870967744
2025-08-31,0.4296774193548387
2025-09-01,0.43
2025-09-02,0.433
2025-09-03,0.436
2025-09-04,0.439
2025-09-05,0.442
2025-09-06,0.445
2025-09-07,0.44799999999999995
2025-09-08,0.451
2025-09-09,0.45399999999999996
2025-09-10,0.457
2025-09-11,0.46
2025-09-12,0.46299999999999997
2025-09-13,0.466
2025-09-14,0.469
2025-09-15,0.47200000000000003
2025-09-16,0.475
2025-09-17,0.478
2025-09-18,0.48100000000000004
2025-09-19,0.484
2025-09-20,0.48700000000000004
2025-09-21,0.49
2025-09-22,0.493
2025-09-23,0.496
2025-09-24,0.499
2025-09-25,0.502
2025-09-26,0.505
2025-09-27,0.508
2025-09-28,0.511
2025-09-29,0.514
2025-09-30,0.517
2025-10-01,0.52
2025-10-02,0.5148387096774194
2025-10-03,0.5096774193548387
2025-10-04,0.5045161290322581
2025-10-05,0.49935483870967745
2025-10-06,0.4941935483870968
2025-10-07,0.48903225806451617
2025-10-08,0.4838709677419355
2025-10-09,0.4787096774193549
2025-10-10,0.4735483870967742
2025-10-11,0.46838709677419355
2025-10-12,0.4632258064516129
2025-10-13,0.45806451612903226
2025-10-14,0.4529032258064516
2025-10-15,0.447741935483871
2025-10-16,0.4425806451612903
2025-10-17,0.4374193548387097
2025-10-18,0.432258064516129
2025-10-19,0.4270967741935484
2025-10-20,0.42193548387096774
2025-10-21,0.41677419354838713
2025-10-22,0.41161290322580646
2025-10-23,0.4064516129032258
2025-10-24,0.4012903225806451
2025-10-25,0.3961290322580645
2025-10-26,0.39096774193548384
2025-10-27,0.3858064516129032
2025-10-28,0.38064516129032255
2025-10-29,0.37548387096774194
2025-10-30,0.37032258064516127
2025-10-31,0.36516129032258066
2025-11-01,0.36
2025-11-02,0.361
2025-11-03,0.36200000000000004
2025-11-04,0.363
2025-11-05,0.364
2025-11-06,0.365
2025-11-07,0.366
2025-11-08,0.36700000000000005
2025-11-09,0.368
2025-11-10,0.369
2025-11-11,0.37
2025-11-12,0.371
2025-11-13,0.37200000000000005
2025-11-14,0.373
2025-11-15,0.374
2025-11-16,0.375
2025-11-17,0.376
2025-11-18,0.377
2025-11-19,0.37799999999999995
2025-11-20,0.379
2025-11-21,0.38
2025-11-22,0.381
2025-11-23,0.382
2025-11-24,0.38299999999999995
2025-11-25,0.384
2025-11-26,0.385
2025-11-27,0.386
2025-11-28,0.387
2025-11-29,0.38799999999999996
2025-11-30,0.389
2025-12-01,0.39
